Finished.x,participant_id,manip_interest,manip_personal,manip_encourage,manip_help_think,manip_represent,manip_suprise,group_talk,group_engage,group_enjoy,group_fun,self_close,self_like,group_like,group_tell,group_share,group_honest,self_learn_about,self_tell,self_share,self_honest,group_learn_about,IOS_slider_1,know_prior_study,study_partic_total,self_letter,personA_know,personA_name,personA_convos,PersonB_know,PersonB_name,PersonB_convos,PersonC_know,PersonC_name,PersonC_convos,PersonD_know,PersonD_name,PersonD_convos,WFU_belong,WFU_fit_in,WFU_outsider,WFU_comfort,WFU_uncertain,class_belong,class_fit_in,class_outsider,class_comfort,class_uncertain,class_know_prior,motiv_interesting,motiv_like,motiv_use_now,motiv_use_future,motiv_use_grad,class_enjoy,class_disclose,class_grade_expect,demog_birth_year,demog_gender_female,demog_gender_male,demog_gender_trans,demog_gender_twospirit,demog_gender_genderqueer,demog_gender_other,demog_gender_no_answer,demog_gender_34_TEXT,demog_race_41,demog_race_11,demog_race_12,demog_race_13,demog_race_19,demog_race_31,demog_race_32,demog_race_33,demog_race_39,demog_race_21,demog_race_22,demog_race_23,demog_race_29,demog_race_51,demog_race_52,demog_race_59,demog_race_42,demog_race_89,demog_race_99,demog_race_89_TEXT,demog_aca_standing,demog_aca_standing_6_TEXT,demog_international,demog_major_likely,Q8,Q9,session,class_section,condition,Finished.y,Question_1,Question_2,Question_3,Question_4,Question_5,Question_6,Question_7,Question_8,Question_9,gender_male_dummy,multiracial_sum,race_multiracial,race_white,race_black,race_hispanic,race_asian,race_native,Quiz_Q1,Quiz_Q2,Quiz_Q3,Quiz_Q4,Quiz_Q5,Quiz_Q6,Quiz_Q7,Quiz_Q8,Quiz_Q9,quiz_average,section_gangel,section_greene,section_verbecke,section_cameron,manip_check_comp2,self_disclosure_comp3,group_disclosure_comp3,WFU_outsiderR,school_belong_comp4,class_outsiderR,class_belong_comp4,close_comp3,motiv_intrins_comp2,motiv_util_comp3,manip_surpriseR,class_similar_comp2,group_engagement_comp3
1,102A,4,4,4,4,2,2,4,4,4,3,2,3,3,3,3,4,4,2,2,3,2,2,0,4,1,NA,NA,NA,1,0,1,1,0,1,1,0,2,6,5,4,5,3,5,5,4,4,2,0,3,3,4,4,5,4,4,6,2002,1,NA,NA,NA,NA,NA,NA,NA,0,1,0,0,0,0,0,0,0,0,0,0,0,0,0,0,0,0,0,NA,1,NA,1,5,36,NA,102,3,1,1,4,1,4,3,2,4,1,1,4,0,1,0,0,0,0,1,0,1,0,0,1,1,0,1,0,1,0.56,1,0,0,0,4,2.666666667,2.666666667,4,5,4,4.5,2.666666667,3,4.333333333,4,3,3.666666667
1,102B,4,2,2,5,3,1,4,4,3,3,1,3,3,2,1,5,2,2,2,5,2,3,0,4,2,1,1,5,NA,NA,NA,1,0,1,1,1,1,4,3,5,5,4,7,4,1,5,1,0,5,3,4,5,5,5,3,6,2003,NA,NA,NA,NA,1,NA,NA,NA,0,0,0,0,0,0,0,0,0,0,0,0,0,1,0,0,0,0,0,NA,1,NA,0,5,36,NA,102,3,1,1,4,2,3,3,2,4,4,3,4,NA,1,0,1,0,0,0,0,1,1,1,1,1,0,0,1,1,0.78,1,0,0,0,2,2,1.666666667,3,3.75,7,5.75,2.333333333,4,4.666666667,5,4,3.333333333
1,102C,3,2,2,4,2,1,3,3,3,3,1,3,3,1,1,3,1,1,1,4,1,5,0,4,3,1,0,5,1,0,1,NA,NA,NA,1,0,1,6,6,2,6,2,6,6,2,6,1,4,4,4,4,4,3,4,3,6,2003,1,NA,NA,NA,NA,NA,NA,NA,0,0,0,0,0,0,0,0,0,0,0,0,0,1,0,0,0,0,0,NA,1,NA,0,4,37,NA,102,3,1,1,4,1,3,3,2,4,1,3,4,0,1,0,1,0,0,0,0,1,0,1,1,1,0,1,1,1,0.78,1,0,0,0,2,1,1,6,6,6,6,2.333333333,4,3.666666667,5,3.5,3
1,102D,4,3,2,4,4,2,3,3,3,3,2,4,3,2,2,3,3,1,1,1,1,2,0,4,4,1,0,5,1,0,1,1,0,1,NA,NA,NA,5,5,4,5,3,6,6,2,6,2,0,4,4,4,4,4,4,1,5,2000,1,NA,NA,NA,NA,NA,NA,NA,0,0,0,0,0,0,0,0,0,0,1,0,0,0,0,0,0,0,0,NA,4,NA,0,1,37,N/A,102,3,1,1,4,2,3,3,2,4,1,1,4,0,1,0,0,1,0,0,0,1,1,1,1,1,0,1,0,1,0.78,1,0,0,0,2.5,1.666666667,1.666666667,4,4.75,6,6,3,4,4,4,4,3
1,103A,4,1,2,5,4,1,5,5,4,4,1,3,3,2,1,0,2,1,1,0,1,3,0,3,1,NA,NA,NA,1,0,1,1,1,1,NA,NA,NA,6,6,1,6,2,7,7,2,6,1,3,4,4,4,4,3,4,3,6,2003,1,NA,NA,NA,NA,NA,NA,NA,0,0,0,0,0,0,0,0,0,0,0,0,0,1,0,0,0,0,0,NA,1,NA,0,3,36,NA,103,3,0,1,4,1,3,3,2,4,1,4,4,0,1,0,1,0,0,0,0,1,0,1,1,1,0,1,0,1,0.67,1,0,0,0,1.5,1.333333333,1.333333333,7,6.25,6,6.5,2.333333333,4,3.666666667,5,4.5,4.333333333
1,103B,3,1,1,4,2,2,5,4,3,3,1,4,3,1,1,4,1,1,1,5,1,6,0,3,2,1,0,5,NA,NA,NA,1,0,1,NA,NA,NA,5,3,5,5,3,6,3,3,6,1,1,2,3,2,2,2,2,1,6,2001,1,NA,NA,NA,NA,NA,NA,NA,0,0,0,0,0,0,0,0,0,0,0,0,0,1,0,0,0,0,0,NA,2,NA,0,4,37,NA,103,3,0,1,4,2,3,3,2,4,1,1,4,0,1,0,1,0,0,0,0,1,1,1,1,1,0,1,0,1,0.78,1,0,0,0,1,1,1,3,4,5,5,2.666666667,2.5,2,4,3,3.333333333
1,103C,2,2,2,3,3,2,3,3,3,3,2,3,3,1,1,4,2,2,2,4,2,2,0,3,3,1,0,5,1,0,1,NA,NA,NA,NA,NA,NA,1,1,6,1,5,6,5,4,6,2,3,4,4,3,3,3,4,2,6,2002,NA,1,NA,NA,NA,NA,NA,NA,0,0,0,0,0,0,0,0,0,0,0,0,0,1,0,0,0,0,0,NA,1,NA,0,2,37,NA,103,3,0,1,4,2,3,3,2,4,1,3,4,1,1,0,1,0,0,0,0,1,1,1,1,1,0,1,1,1,0.89,1,0,0,0,2,2,1.333333333,2,1.25,4,5.25,2.666666667,4,3,4,3.5,3
1,104A,3,2,4,4,2,1,4,3,3,3,2,3,3,2,2,4,3,2,2,4,2,3,2,4,1,NA,NA,NA,1,0,1,3,1,2,3,1,3,6,6,5,6,3,6,6,2,6,1,4,4,3,2,3,2,3,3,6,2003,1,NA,NA,NA,NA,NA,NA,NA,0,0,0,0,0,0,0,0,0,0,0,0,0,1,0,0,0,0,0,NA,1,NA,0,2,37,NA,104,4,2,1,4,2,4,3,2,4,1,1,4,0,1,0,1,0,0,0,0,1,1,0,1,1,0,1,0,1,0.67,0,0,0,1,3,2.333333333,2,3,5.25,6,6,2.666666667,3.5,2.333333333,5,3.5,3
1,104B,2,4,4,5,2,1,5,4,3,2,2,3,3,4,3,5,3,3,2,5,3,5,0,4,2,1,0,5,NA,NA,NA,1,0,1,1,0,1,4,4,5,1,3,5,5,2,5,1,0,5,3,4,4,5,4,3,5,2002,1,NA,NA,NA,NA,NA,NA,NA,0,0,0,0,0,0,0,0,0,0,0,0,0,1,0,0,0,0,0,NA,1,NA,0,5,37,NA,104,4,2,1,4,2,4,3,1,4,1,1,4,0,1,0,1,0,0,0,0,1,1,0,1,0,0,1,0,1,0.56,0,0,0,1,4,2.666666667,3.333333333,3,3,6,5.25,2.666666667,4,4.333333333,5,3.5,3
1,104C,3,3,4,4,2,5,3,2,3,3,2,4,3,3,2,4,3,4,2,4,3,3,2,4,3,2,1,5,1,0,1,NA,NA,NA,5,1,4,7,6,2,6,1,7,7,2,6,1,2,5,4,4,4,4,4,5,6,2002,1,NA,NA,NA,NA,NA,NA,NA,0,0,0,0,0,0,0,0,0,0,0,0,0,1,0,0,0,0,0,NA,1,NA,0,5,37,no,104,4,2,1,4,2,2,3,2,4,1,1,4,0,1,0,1,0,0,0,0,1,1,0,1,1,0,1,0,1,0.67,0,0,0,1,3.5,3,2.666666667,6,6.25,6,6.5,3,4.5,4,1,1.5,2.666666667
1,104D,3,2,5,5,3,2,5,3,4,3,2,5,4,3,2,5,3,3,2,5,3,3,2,4,4,2,1,3,1,0,1,5,1,4,NA,NA,NA,7,7,2,6,1,7,7,1,7,1,3,5,5,3,4,4,5,4,6,2003,1,NA,NA,NA,NA,NA,NA,NA,0,0,0,0,0,0,0,0,0,0,0,0,0,0,0,1,0,0,0,NA,1,NA,0,4,37,NA,104,4,2,1,4,1,3,3,2,1,1,4,4,0,1,0,1,0,0,0,0,1,0,1,1,1,0,1,0,1,0.67,0,0,0,1,3.5,2.666666667,2.666666667,6,6.5,7,7,3.666666667,5,3.666666667,4,3.5,3.333333333
1,105A,3,2,1,4,5,2,3,3,3,2,2,3,3,1,1,3,1,1,1,4,1,2,0,4,1,NA,NA,NA,1,0,1,1,0,1,1,0,2,6,6,2,7,2,7,7,1,7,1,2,5,4,4,4,5,5,3,6,2002,1,NA,NA,NA,NA,NA,NA,NA,0,0,0,0,0,0,0,0,0,0,0,0,0,1,0,0,0,0,0,NA,1,NA,0,5,37,NA,105,1,1,1,4,2,3,3,2,4,1,1,4,0,1,0,1,0,0,0,0,1,1,1,1,1,0,1,0,1,0.78,0,1,0,0,1.5,1,1,6,6.25,7,7,2.666666667,4.5,4.333333333,4,4.5,2.666666667
1,105B,2,2,1,3,3,2,3,2,3,2,1,3,3,1,1,3,2,1,1,3,2,2,0,4,2,1,0,5,NA,NA,NA,1,0,1,1,0,1,6,6,2,7,1,4,5,3,5,3,1,3,3,4,3,2,3,3,5,2000,NA,1,NA,NA,NA,NA,NA,NA,0,0,0,0,0,0,0,0,0,0,0,0,0,1,0,0,0,0,0,NA,4,NA,0,1,37,It went well and nothing to complain about! Wasn't sure if I was supposed to look at the questions before the lecture though.,105,1,1,1,4,1,3,3,2,4,1,3,4,1,1,0,1,0,0,0,0,1,0,1,1,1,0,1,1,1,0.78,0,1,0,0,1.5,1.333333333,1.333333333,6,6.25,5,4.75,2.333333333,3,3,4,3.5,2.333333333
1,105C,4,2,3,3,2,2,4,4,4,3,3,4,3,2,1,4,2,1,2,4,1,1,1,4,3,1,0,5,1,0,1,NA,NA,NA,5,1,4,6,6,2,7,1,6,6,1,1,1,3,5,5,5,5,5,5,2,6,2003,1,NA,NA,NA,NA,NA,NA,NA,0,0,0,0,1,0,0,0,0,0,0,0,0,1,1,0,0,0,0,NA,1,NA,0,5,37,I thought this study was really interesting. It was also awesome to learn something during this study.,105,1,1,1,4,1,3,3,2,4,1,3,4,0,3,1,1,0,0,1,0,1,0,1,1,1,0,1,1,1,0.78,0,1,0,0,2.5,1.666666667,1.333333333,6,6.25,7,5,3.333333333,5,5,4,3,3.666666667
1,105D,3,1,1,4,4,1,5,3,4,3,2,4,4,1,1,4,2,1,1,4,1,5,2,4,4,2,1,4,1,0,1,5,1,4,NA,NA,NA,6,6,2,7,2,6,6,2,6,1,4,3,2,3,3,3,3,2,5,2002,1,NA,NA,NA,NA,NA,NA,NA,0,0,0,0,0,0,0,0,0,0,0,0,0,1,0,0,0,0,0,NA,1,NA,0,1,37,NA,105,1,1,1,4,1,4,3,2,4,1,4,4,0,1,0,1,0,0,0,0,1,0,0,1,1,0,1,0,1,0.56,0,1,0,0,1,1.333333333,1,6,6.25,6,6,3.333333333,2.5,3,5,4.5,3.333333333
1,106B,1,1,2,4,2,2,3,3,3,2,1,3,3,1,1,4,1,1,1,4,1,1,1,3,2,2,0,5,NA,NA,NA,1,0,1,NA,NA,NA,6,6,2,6,2,4,4,2,6,2,3,3,3,2,3,2,3,2,5,2003,1,NA,NA,NA,NA,NA,NA,NA,0,0,0,0,0,0,0,0,0,0,0,0,0,1,0,0,0,0,0,NA,1,NA,0,1,37,NA,106,1,0,1,4,1,3,3,1,4,2,3,2,0,1,0,1,0,0,0,0,1,0,1,1,0,0,0,1,0,0.44,0,1,0,0,1.5,1,1,6,6,6,5,2.333333333,3,2.333333333,4,3,2.666666667
1,106C,3,1,3,5,5,2,3,2,2,2,1,3,3,1,1,0,1,2,2,3,1,2,0,3,3,1,0,5,1,0,1,NA,NA,NA,NA,NA,NA,4,5,4,4,4,7,5,1,6,1,0,3,4,3,3,3,4,4,6,2003,NA,1,NA,NA,NA,NA,NA,NA,0,0,0,0,0,0,0,0,0,0,0,0,0,1,0,0,0,0,0,NA,1,NA,0,3,37,there was some technical difficulties with screen sharing and volume of the screen being shared.,106,1,0,1,3,4,3,3,2,4,1,3,4,1,1,0,1,0,0,0,0,0,0,1,1,1,0,1,1,1,0.67,0,1,0,0,2,1.666666667,1,4,4.25,7,6.25,2.333333333,3.5,3,4,4.5,2
1,106D,2,1,2,2,4,1,2,3,3,3,1,4,4,1,1,4,3,1,1,5,3,2,0,3,4,1,0,5,2,1,2,1,0,1,NA,NA,NA,6,6,1,6,2,6,6,2,6,1,4,4,4,4,4,4,4,1,5,2002,1,NA,NA,NA,NA,NA,NA,NA,0,0,0,0,0,0,0,0,0,0,0,0,0,1,0,0,0,0,0,NA,1,NA,0,4,37,NA,106,1,0,1,4,2,3,3,2,1,1,4,4,0,1,0,1,0,0,0,0,1,1,1,1,1,0,1,0,1,0.78,0,1,0,0,1.5,1.666666667,1.666666667,7,6.25,6,6,3,4,4,5,4.5,3
1,107A,2,1,4,4,2,3,3,2,3,2,2,3,3,1,1,5,2,1,1,5,2,2,1,4,1,NA,NA,NA,2,1,2,1,0,1,1,0,1,7,7,1,6,2,6,5,2,4,1,3,2,1,2,2,2,2,3,6,2003,NA,1,NA,NA,NA,NA,NA,NA,0,0,0,0,0,0,0,0,0,0,0,0,0,1,0,0,0,0,0,NA,1,NA,0,1,36,N/A,107,4,0,1,4,2,4,1,2,4,4,4,4,1,1,0,1,0,0,0,0,1,1,0,0,1,0,0,0,1,0.44,0,0,0,1,2.5,1.333333333,1.333333333,7,6.75,6,5.25,2.666666667,1.5,2,3,2.5,2.333333333
1,107B,3,1,1,4,4,1,2,3,3,1,2,5,5,1,1,0,1,1,2,0,1,2,0,4,2,1,0,5,NA,NA,NA,1,0,1,1,0,1,6,6,2,6,1,6,6,2,7,2,4,4,3,3,3,4,3,3,6,2002,NA,1,NA,NA,NA,NA,NA,NA,0,0,0,0,0,0,0,0,0,0,0,0,0,1,0,0,0,0,0,NA,1,NA,0,1,36,NA,107,4,0,1,4,2,4,3,2,4,1,1,4,1,1,0,1,0,0,0,0,1,1,0,1,1,0,1,0,1,0.67,0,0,0,1,1,1.333333333,1,6,6,6,6.25,4,3.5,3.333333333,5,4.5,2.333333333
1,107C,2,2,2,4,3,1,2,2,2,2,2,3,3,2,1,0,2,2,2,0,2,2,0,4,3,1,0,5,1,0,1,NA,NA,NA,1,0,1,6,6,2,6,2,4,4,3,4,2,1,3,3,4,4,3,2,3,5,2002,NA,1,NA,NA,NA,NA,NA,NA,0,0,0,0,0,0,0,0,0,0,0,0,0,1,0,0,0,0,0,NA,1,NA,0,2,37,I had technical; difficulties with my computer on the audio of the zoom,107,4,0,0,4,1,3,3,2,NA,NA,NA,NA,1,1,0,1,0,0,0,0,1,0,1,1,1,0,0,0,0,0.44,0,0,0,1,2,2,1.666666667,6,6,5,4.25,2.666666667,3,3.666666667,5,4,2
1,107D,4,2,1,5,4,1,2,1,1,1,1,2,1,1,1,0,1,1,1,0,1,1,0,4,4,1,0,5,1,0,1,1,0,1,NA,NA,NA,5,3,7,3,4,3,3,6,6,5,0,5,4,4,5,4,4,1,6,1999,1,NA,NA,NA,NA,NA,NA,NA,0,0,0,0,0,0,0,1,0,0,0,0,0,1,0,0,0,0,0,NA,4,NA,0,1,37,NA,107,4,0,1,4,1,4,3,2,4,1,4,4,0,2,1,1,0,1,0,0,1,0,0,1,1,0,1,0,1,0.56,0,0,0,1,1.5,1,1,1,3,2,3.5,1.333333333,4.5,4.333333333,5,4.5,1
0,108A,3,2,3,4,4,1,4,3,3,3,3,4,3,2,2,3,3,1,1,4,1,4,0,4,1,NA,NA,NA,1,0,1,1,0,1,1,0,1,7,2,7,2,4,6,3,5,4,3,1,3,2,3,3,3,3,3,6,2002,NA,1,NA,NA,NA,NA,NA,NA,0,0,0,0,0,0,0,0,0,1,0,0,0,0,0,0,0,0,0,NA,1,NA,0,2,37,nope,108,3,2,1,4,2,2,3,2,4,2,2,4,1,1,0,0,1,0,0,0,1,1,0,1,1,0,0,0,1,0.56,1,0,0,0,2.5,1.666666667,1.666666667,1,3,3,4,3.333333333,2.5,3,5,4.5,3
1,108B,2,3,3,3,2,1,3,2,3,1,1,3,3,3,3,5,3,3,2,4,3,3,0,4,2,1,0,5,NA,NA,NA,1,0,1,1,0,1,6,6,2,6,3,6,6,2,7,3,3,4,3,3,3,3,4,3,6,2001,NA,1,NA,NA,NA,NA,NA,NA,0,0,0,0,0,0,0,0,0,0,0,0,0,1,0,0,0,0,0,NA,3,NA,0,1,37,NA,108,3,2,1,4,2,3,3,2,4,1,3,4,1,1,0,1,0,0,0,0,1,1,1,1,1,0,1,1,1,0.89,1,0,0,0,3,2.666666667,3,6,6,6,6.25,2.333333333,3.5,3,5,3.5,2
1,108C,2,4,3,2,1,4,3,2,3,2,1,3,2,2,2,4,2,2,2,4,2,2,1,4,3,1,0,5,1,0,1,NA,NA,NA,2,1,2,5,3,5,3,4,4,3,5,3,2,0,3,3,3,3,2,3,2,6,2003,1,NA,NA,NA,NA,NA,NA,NA,0,0,0,0,0,0,0,0,0,0,0,0,0,1,0,0,0,0,0,NA,1,NA,0,2,37,NA,108,3,2,1,4,2,4,3,2,4,1,3,4,0,1,0,1,0,0,0,0,1,1,0,1,1,0,1,1,1,0.78,1,0,0,0,3.5,2,2,3,3.5,3,3.25,2,3,2.666666667,2,1.5,2.333333333
1,108D,4,4,5,5,1,4,5,5,5,3,3,3,3,3,3,3,3,2,2,5,3,3,1,4,4,1,0,5,1,0,1,3,1,2,NA,NA,NA,2,1,7,2,5,3,1,6,4,3,0,3,2,3,3,3,3,3,5,2000,1,NA,NA,NA,NA,NA,NA,NA,0,0,1,0,0,0,0,0,0,0,0,0,0,0,0,0,0,0,0,NA,4,NA,0,1,36,NA,108,3,2,1,4,1,3,3,2,1,1,1,4,0,1,0,0,0,0,1,0,1,0,1,1,1,0,1,0,1,0.67,1,0,0,0,4.5,2.333333333,3,1,1.5,2,2.5,3,2.5,3,2,1.5,4.333333333
1,110A,3,1,2,5,4,1,5,4,3,3,1,3,3,1,1,5,2,1,1,4,1,3,0,3,1,NA,NA,NA,1,0,1,1,0,1,NA,NA,NA,7,7,1,7,1,7,7,1,7,1,4,5,5,4,4,5,5,5,6,2003,1,NA,NA,NA,NA,NA,NA,NA,0,0,0,0,0,0,0,0,0,0,0,0,0,1,0,0,0,0,0,NA,1,NA,0,3,37,no,110,2,1,1,4,2,3,3,2,4,1,1,4,0,1,0,1,0,0,0,0,1,1,1,1,1,0,1,0,1,0.78,0,0,1,0,1.5,1.333333333,1,7,7,7,7,2.333333333,5,4.333333333,5,4.5,3.333333333
1,110B,4,4,2,5,3,1,4,4,5,3,3,4,3,1,1,5,2,1,1,5,2,2,0,3,2,1,0,5,NA,NA,NA,1,0,1,NA,NA,NA,7,6,4,7,2,7,7,1,7,2,2,4,3,4,4,4,4,3,6,2000,NA,1,NA,NA,NA,NA,NA,NA,0,0,0,0,0,0,0,0,0,0,0,0,0,1,0,0,0,0,0,NA,3,NA,0,1,37,I thought the concepts you talked about in the lecture were very interesting and relevant.,110,2,1,1,4,2,3,3,2,4,1,3,4,1,1,0,1,0,0,0,0,1,1,1,1,1,0,1,1,1,0.89,0,0,1,0,3,1.333333333,1.333333333,4,6,7,7,3.333333333,3.5,4,5,4,4
1,110C,2,1,3,4,4,1,4,4,3,2,1,3,3,2,1,5,2,1,1,5,1,3,0,3,3,1,0,5,1,0,1,NA,NA,NA,NA,NA,NA,6,7,1,6,1,7,6,2,6,1,2,4,4,5,5,4,4,3,5,2002,NA,1,NA,NA,NA,NA,NA,NA,0,0,0,0,0,0,0,0,0,0,0,0,0,1,0,0,0,0,0,NA,1,NA,0,3,36,none,110,2,1,1,3,2,3,1,2,2,1,4,4,1,1,0,1,0,0,0,0,0,1,1,0,1,0,1,0,1,0.56,0,0,1,0,2,1.333333333,1.333333333,7,6.5,6,6.25,2.333333333,4,4.666666667,5,4.5,3
1,111A,4,3,1,5,4,1,4,3,4,3,2,4,3,2,1,4,2,1,1,4,3,5,1,4,1,NA,NA,NA,1,0,1,3,1,2,1,0,1,7,7,1,7,1,6,6,1,7,1,4,5,5,4,4,3,5,3,6,2003,1,NA,NA,NA,NA,NA,NA,NA,0,0,0,0,0,0,0,0,0,0,0,0,0,1,0,0,0,0,0,NA,1,NA,0,2,36,NA,111,3,1,1,1,2,3,3,2,4,1,3,4,0,1,0,1,0,0,0,0,0,1,1,1,1,0,1,1,1,0.78,1,0,0,0,2,1.333333333,2,7,7,7,6.5,3,5,3.666666667,5,4.5,3.333333333
1,111B,3,1,2,4,4,1,3,3,4,3,2,3,3,1,1,4,2,1,1,4,2,3,0,4,2,1,0,5,NA,NA,NA,1,0,1,1,0,1,7,6,2,6,2,7,6,1,6,1,2,4,4,4,4,4,4,3,6,2002,1,NA,NA,NA,NA,NA,NA,NA,0,0,0,0,0,0,0,0,1,0,0,0,0,1,0,0,0,0,0,NA,2,NA,0,2,35,NA,111,3,1,1,4,2,3,3,2,4,1,1,4,0,2,1,1,0,1,0,0,1,1,1,1,1,0,1,0,1,0.78,1,0,0,0,1.5,1.333333333,1.333333333,6,6.25,7,6.5,2.666666667,4,4,5,4.5,3.333333333
1,111C,3,1,1,4,2,3,4,4,4,3,1,4,3,1,1,3,3,1,1,4,1,4,0,4,3,1,1,5,1,0,1,NA,NA,NA,1,1,1,6,6,2,6,3,6,6,2,6,2,3,3,3,3,3,3,4,4,6,2002,1,NA,NA,NA,NA,NA,NA,NA,0,0,0,0,0,0,0,0,0,0,0,0,0,1,0,0,0,0,0,NA,1,NA,0,2,34,N/A,111,3,1,1,4,2,4,1,2,4,1,1,4,0,1,0,1,0,0,0,0,1,1,0,0,1,0,1,0,1,0.56,1,0,0,0,1,1.666666667,1,6,6,6,6,2.666666667,3,3,3,2.5,3.666666667
1,111D,3,1,1,4,4,2,4,3,3,2,2,4,3,2,2,3,2,2,2,3,2,4,0,4,4,1,0,5,1,0,1,2,0,1,NA,NA,NA,6,5,5,6,2,6,6,3,6,3,1,4,4,3,3,4,4,4,6,2003,1,NA,NA,NA,NA,NA,NA,NA,0,0,0,0,0,0,0,0,0,0,0,0,0,1,0,0,0,0,0,NA,1,NA,0,5,34,NA,111,3,1,1,4,1,3,3,4,4,1,1,4,0,1,0,1,0,0,0,0,1,0,1,1,0,0,1,0,1,0.56,1,0,0,0,1,2,2,3,5,5,5.75,3,4,3.333333333,4,4,2.666666667
1,112C,3,3,2,4,4,1,4,3,3,2,2,3,3,3,2,4,3,2,2,4,2,2,0,3,3,1,0,5,1,0,1,NA,NA,NA,NA,NA,NA,7,6,3,6,1,5,5,4,6,2,3,4,3,3,3,2,3,3,5,2003,NA,1,NA,NA,NA,NA,NA,NA,0,0,0,0,0,0,0,0,0,0,0,0,0,1,0,0,0,0,0,NA,1,NA,0,2,37,n/a,112,4,2,1,4,1,3,3,2,1,1,3,4,1,1,0,1,0,0,0,0,1,0,1,1,1,0,1,1,1,0.78,0,0,0,1,2.5,2.333333333,2.333333333,5,6,4,5,2.666666667,3.5,2.666666667,5,4.5,2.666666667
1,112D,4,3,4,3,1,4,3,3,3,3,2,3,2,3,3,3,3,2,3,5,3,3,1,3,4,1,0,5,2,1,1,1,0,1,NA,NA,NA,4,4,3,5,3,6,4,3,4,1,2,4,2,4,4,4,4,1,6,2003,1,NA,NA,NA,NA,NA,NA,NA,0,0,0,0,0,0,0,0,0,0,0,0,0,1,0,0,0,0,0,NA,1,NA,0,4,37,NA,112,4,2,1,3,1,3,3,2,4,1,1,4,0,1,0,1,0,0,0,0,0,0,1,1,1,0,1,0,1,0.56,0,0,0,1,3.5,2.666666667,3,5,4.5,5,4.75,2.333333333,3,4,2,1.5,3
1,113A,4,2,4,4,3,1,3,2,2,2,1,2,2,1,1,3,1,1,1,4,2,2,0,4,1,NA,NA,NA,1,0,1,1,0,1,1,0,1,6,6,2,6,2,5,5,4,4,3,2,4,3,4,4,5,3,2,5,2003,1,NA,NA,NA,NA,NA,NA,NA,0,0,0,0,0,0,0,0,0,0,0,0,0,0,1,0,0,0,0,NA,1,NA,0,4,37,NA,113,4,1,1,4,2,3,1,2,4,1,4,4,0,1,0,1,0,0,0,0,1,1,1,0,1,0,1,0,1,0.67,0,0,0,1,3,1,1.333333333,6,6,4,4.5,1.666666667,3.5,4.333333333,5,4,2
1,113B,3,3,3,4,4,1,3,3,3,2,2,3,3,1,1,4,1,1,1,4,1,3,0,4,2,1,0,5,NA,NA,NA,1,0,1,1,0,1,7,7,1,7,1,7,7,1,7,1,2,4,4,3,3,3,4,4,5,2002,NA,1,NA,NA,NA,NA,NA,NA,0,0,0,0,0,0,0,0,0,0,0,0,0,1,0,0,0,0,0,NA,1,NA,0,4,37,NA,113,4,1,1,2,2,3,3,2,4,1,4,4,1,1,0,1,0,0,0,0,0,1,1,1,1,0,1,0,1,0.67,0,0,0,1,3,1,1,7,7,7,7,2.666666667,4,3,5,4.5,2.666666667
1,113C,4,2,1,4,4,1,2,2,3,2,1,3,3,1,1,3,1,1,1,3,1,2,0,4,3,1,1,5,1,0,1,NA,NA,NA,1,0,1,2,3,5,2,5,6,5,3,6,2,0,3,2,3,3,2,3,1,6,2003,NA,1,NA,NA,NA,NA,NA,NA,0,0,0,0,0,0,0,0,0,0,0,0,0,1,0,0,0,0,0,NA,1,NA,0,2,37,NA,113,4,1,1,3,2,3,3,2,4,1,3,4,1,1,0,1,0,0,0,0,0,1,1,1,1,0,1,1,1,0.78,0,0,0,1,1.5,1,1,3,2.5,5,5.5,2.333333333,2.5,2.666666667,5,4.5,2.333333333
1,113D,3,2,3,5,2,3,3,2,2,1,1,3,3,1,1,4,1,1,1,4,1,4,0,4,4,1,0,5,1,0,1,1,0,1,NA,NA,NA,7,7,1,7,1,6,6,2,6,2,1,3,3,4,4,4,3,1,6,2002,1,NA,NA,NA,NA,NA,NA,NA,0,0,0,0,0,0,0,0,0,0,0,0,0,1,0,0,0,0,0,NA,2,NA,0,5,37,NA,113,4,1,1,4,2,3,3,2,4,4,1,4,0,1,0,1,0,0,0,0,1,1,1,1,1,0,0,0,1,0.67,0,0,0,1,2.5,1,1,7,7,6,6,2.333333333,3,4,3,2.5,1.666666667
1,114A,2,3,3,4,4,1,3,2,3,2,2,3,3,1,1,4,2,1,1,4,2,2,0,4,1,NA,NA,NA,1,0,1,1,0,1,1,0,1,2,4,5,2,4,6,6,2,6,1,2,4,3,3,3,3,4,2,6,2002,NA,1,NA,NA,NA,NA,NA,NA,0,0,0,0,0,0,0,0,0,0,0,0,0,1,0,0,0,0,0,NA,2,NA,0,2,36,NA,114,1,0,1,3,1,4,3,2,4,1,4,4,1,1,0,1,0,0,0,0,0,0,0,1,1,0,1,0,1,0.44,0,1,0,0,3,1.333333333,1.333333333,3,2.75,6,6,2.666666667,3.5,3,5,4.5,2.333333333
1,114B,3,4,2,4,1,4,2,3,2,2,1,3,3,1,1,0,1,1,1,0,1,2,0,4,2,1,0,5,NA,NA,NA,1,1,1,1,0,1,5,4,3,6,3,2,3,6,3,4,1,3,2,2,2,2,3,5,5,2000,NA,1,NA,NA,NA,NA,NA,NA,0,0,0,0,0,0,0,0,0,0,0,0,0,1,0,0,0,0,0,NA,3,NA,0,1,37,I have nothing else to share.,114,1,0,1,4,1,3,3,2,1,1,1,4,1,1,0,1,0,0,0,0,1,0,1,1,1,0,1,0,1,0.67,0,1,0,0,3,1,1,5,5,2,2.5,2.333333333,2.5,2,2,1.5,2.333333333
1,114C,3,4,4,4,5,1,3,2,3,2,2,3,3,1,1,0,1,1,1,0,1,2,1,4,3,1,0,5,1,0,1,NA,NA,NA,5,1,4,6,6,2,7,2,5,7,2,7,1,4,4,2,4,4,3,4,4,6,2003,NA,1,NA,NA,NA,NA,NA,NA,0,0,0,0,0,0,0,0,1,0,0,0,0,0,0,0,0,0,0,NA,1,NA,0,1,34,NA,114,1,0,1,2,2,3,3,2,4,4,1,2,1,1,0,0,0,1,0,0,0,1,1,1,1,0,0,0,0,0.44,0,1,0,0,4,1,1,6,6.25,6,6.25,2.666666667,3,3.666666667,5,5,2.333333333
1,114D,3,1,2,5,4,1,3,2,3,2,3,3,3,1,1,4,2,1,1,5,2,1,1,4,4,1,0,5,1,0,1,5,1,4,NA,NA,NA,7,7,2,7,2,7,7,2,6,2,3,4,4,4,3,3,5,5,5,2002,NA,1,NA,NA,NA,NA,NA,NA,0,0,0,0,0,0,0,0,0,0,0,0,0,0,0,1,0,0,0,NA,1,NA,0,1,36,NA,114,1,0,1,4,2,3,3,2,4,1,3,4,1,1,0,1,0,0,0,0,1,1,1,1,1,0,1,1,1,0.89,0,1,0,0,1.5,1.333333333,1.333333333,6,6.75,6,6.5,3,4,3.333333333,5,4.5,2.333333333
1,115A,4,3,1,4,3,1,4,3,3,2,2,3,3,1,1,4,1,1,1,4,1,2,0,3,1,NA,NA,NA,1,0,1,1,0,1,NA,NA,NA,6,6,2,6,3,6,6,1,7,1,3,4,3,3,4,2,3,4,6,2003,1,NA,NA,NA,NA,NA,NA,NA,0,0,0,0,0,0,0,0,0,0,0,0,0,1,0,0,0,0,0,NA,1,NA,0,3,37,NA,115,3,1,1,3,3,3,1,2,4,1,3,4,0,1,0,1,0,0,0,0,0,0,1,0,1,0,1,1,1,0.56,1,0,0,0,2,1,1,6,6,7,6.5,2.666666667,3.5,3,5,4,2.666666667
1,115B,4,2,2,5,5,1,4,3,4,3,2,3,3,1,1,4,4,1,1,4,1,4,0,3,2,1,0,5,NA,NA,NA,1,0,1,NA,NA,NA,6,6,2,6,3,7,7,2,7,1,4,5,3,5,5,5,5,3,6,2002,1,NA,NA,NA,NA,NA,NA,NA,0,0,0,0,0,0,0,0,0,0,0,0,0,1,0,0,0,0,0,NA,2,NA,0,4,37,NA,115,3,1,1,4,2,4,3,2,4,4,3,4,0,1,0,1,0,0,0,0,1,1,0,1,1,0,0,1,1,0.67,1,0,0,0,2,2,1,6,6,6,6.75,2.666666667,4,5,5,5,3.333333333
1,115C,3,1,3,4,2,1,2,1,2,2,2,4,3,1,2,5,2,2,1,5,1,2,0,3,3,1,0,5,1,0,1,NA,NA,NA,NA,NA,NA,7,5,5,6,3,7,7,1,7,1,0,3,3,2,4,4,4,1,6,2002,NA,1,NA,NA,NA,NA,NA,NA,0,0,0,0,0,0,0,0,0,0,0,0,0,1,0,0,0,0,0,NA,1,NA,0,1,37,NA,115,3,1,1,4,2,3,3,2,4,1,1,4,1,1,0,1,0,0,0,0,1,1,1,1,1,0,1,0,1,0.78,1,0,0,0,2,1.666666667,1.333333333,3,5.25,7,7,3,3,3.333333333,5,3.5,1.666666667
1,117B,5,4,3,3,4,4,4,4,4,4,5,4,5,4,4,4,4,4,4,4,4,4,0,4,2,1,0,5,NA,NA,NA,1,0,1,1,0,1,7,7,7,7,5,6,4,6,5,5,0,5,5,3,4,5,5,4,6,2002,1,NA,NA,NA,NA,NA,NA,NA,0,0,0,0,0,0,0,0,0,1,0,0,0,0,0,0,0,0,0,NA,1,NA,0,2,37,NA,117,2,2,1,2,2,4,3,4,4,2,3,1,0,1,0,0,1,0,0,0,0,1,0,1,0,0,0,1,0,0.33,0,0,1,0,3.5,4,4,1,5.5,2,4.25,4.666666667,5,4,2,3,4
1,117C,5,4,5,5,5,1,4,5,5,5,3,5,4,5,4,5,4,4,4,5,4,5,0,4,3,1,0,5,1,0,1,NA,NA,NA,1,0,1,5,5,2,6,3,5,5,3,6,2,0,4,4,5,5,5,5,5,6,2002,1,NA,NA,NA,NA,NA,NA,NA,0,1,0,0,0,0,0,0,0,0,0,0,0,0,0,0,0,0,0,NA,1,NA,1,2,36,NA,117,2,2,1,4,4,4,3,2,1,1,3,4,0,1,0,0,0,0,1,0,1,0,0,1,1,0,1,1,1,0.67,0,0,1,0,4.5,4,4.333333333,6,5.5,5,5.25,4,4,5,5,5,5
1,117D,3,4,3,3,2,1,4,4,4,3,3,3,3,3,3,3,4,3,3,3,3,3,0,4,4,1,0,5,1,0,1,1,0,1,NA,NA,NA,6,6,2,6,2,3,3,5,2,4,1,3,1,3,4,4,3,1,5,2003,1,NA,NA,NA,NA,NA,NA,NA,0,0,0,0,0,0,0,0,0,0,0,0,0,1,0,0,0,0,0,NA,1,NA,0,1,37,NA,117,2,2,1,4,2,3,3,2,4,1,3,4,0,1,0,1,0,0,0,0,1,1,1,1,1,0,1,1,1,0.89,0,0,1,0,3.5,3.333333333,3,6,6,3,2.75,3,2,3.666666667,5,3.5,3.666666667
1,118A,3,4,2,5,2,2,5,3,3,3,1,3,3,2,2,4,2,2,2,5,2,5,1,4,1,NA,NA,NA,2,1,2,1,0,1,3,1,4,6,6,3,6,2,6,6,1,6,1,2,4,2,3,2,3,3,4,6,2002,1,NA,NA,NA,NA,NA,NA,NA,0,0,0,0,0,0,0,0,0,0,0,0,0,0,0,1,0,0,0,NA,1,NA,0,3,37,NA,118,3,2,1,2,1,1,3,2,4,1,4,4,0,1,0,1,0,0,0,0,0,0,0,1,1,0,1,0,1,0.44,1,0,0,0,3,2,2,5,5.75,7,6.25,2.333333333,3,2.666666667,4,3,3
1,118B,3,4,5,4,2,2,5,3,4,3,2,4,3,3,3,4,3,3,3,4,3,4,0,4,2,1,0,5,NA,NA,NA,1,0,1,1,0,1,7,7,2,5,2,6,6,2,6,1,3,4,3,4,4,3,4,2,6,2003,1,NA,NA,NA,NA,NA,NA,NA,0,0,0,0,0,0,0,0,0,0,0,0,0,1,0,1,0,0,0,NA,1,NA,0,4,37,NA,118,3,2,1,2,2,3,3,2,4,1,3,4,0,2,1,1,0,0,0,0,0,1,1,1,1,0,1,1,1,0.78,1,0,0,0,4.5,3,3,6,6.25,6,6,3,3.5,3.666666667,4,3,3.333333333
1,118C,3,2,3,4,1,4,3,4,4,3,1,3,3,2,1,4,3,2,2,5,2,3,1,4,3,1,1,5,1,1,1,NA,NA,NA,1,1,2,6,6,2,6,2,7,7,2,6,2,1,3,3,3,3,3,3,2,5,2003,1,NA,NA,NA,NA,NA,NA,NA,0,0,0,0,0,0,0,0,0,0,0,0,0,1,0,0,0,0,0,NA,1,NA,0,3,37,NA,118,3,2,1,4,4,3,3,2,4,1,3,3,0,1,0,1,0,0,0,0,1,0,1,1,1,0,1,1,0,0.67,1,0,0,0,2.5,2.333333333,1.666666667,6,6,6,6.5,2.333333333,3,3,2,1.5,3.666666667
1,118D,2,2,4,3,3,1,4,3,3,3,1,3,3,3,3,3,3,2,2,4,2,2,1,4,4,3,1,1,1,0,1,1,0,1,NA,NA,NA,6,5,4,6,3,3,5,2,6,2,4,3,1,3,3,3,2,4,6,2002,1,NA,NA,NA,NA,NA,NA,NA,0,0,0,0,0,0,0,0,0,0,0,0,0,1,0,0,0,0,0,NA,2,NA,0,1,36,NA,118,3,2,1,4,2,3,3,2,4,1,4,3,0,1,0,1,0,0,0,0,1,1,1,1,1,0,1,0,0,0.67,1,0,0,0,3,2.333333333,2.666666667,4,5.25,6,5,2.333333333,2,3,5,4,3
1,119A,2,2,4,5,2,1,5,4,4,2,2,4,4,1,1,2,2,1,1,4,2,2,2,4,1,NA,NA,NA,2,1,2,2,1,1,1,1,1,7,7,2,7,4,7,7,1,7,1,4,5,2,4,4,4,4,1,6,2003,1,NA,NA,NA,NA,NA,NA,NA,0,0,0,0,0,0,0,0,0,0,0,0,0,1,0,0,0,0,0,NA,1,NA,0,3,37,I was a little confused about the directions.,119,3,0,1,4,2,3,3,2,4,1,3,4,0,1,0,1,0,0,0,0,1,1,1,1,1,0,1,1,1,0.89,1,0,0,0,3,1.333333333,1.333333333,6,6.75,7,7,3.333333333,3.5,4,5,3.5,3.333333333
1,119B,4,1,2,5,4,3,5,4,4,3,3,5,4,1,1,3,2,1,1,4,1,7,2,4,2,1,0,5,NA,NA,NA,4,1,4,3,1,4,6,6,2,6,1,6,6,2,6,2,2,5,3,4,4,3,4,1,6,2003,1,NA,NA,NA,NA,NA,NA,NA,0,0,0,0,0,0,0,0,0,0,0,0,0,1,0,0,0,0,0,NA,1,NA,0,4,36,NA,119,3,0,1,4,1,4,3,2,4,1,1,4,0,1,0,1,0,0,0,0,1,0,0,1,1,0,1,0,1,0.56,1,0,0,0,1.5,1.333333333,1,6,6,6,6,4,4,3.666666667,3,3.5,3.666666667
1,119C,2,2,2,4,3,1,3,2,3,3,3,3,3,1,2,4,2,2,2,0,2,3,2,4,3,1,0,5,4,1,4,NA,NA,NA,3,1,3,6,6,2,6,1,4,6,2,6,2,3,4,3,3,3,2,3,1,6,2003,1,NA,NA,NA,NA,NA,NA,NA,0,0,0,0,0,0,0,0,0,0,0,0,0,1,0,0,0,0,0,NA,1,NA,0,1,36,NA,119,3,0,1,4,2,3,3,2,4,1,3,2,0,1,0,1,0,0,0,0,1,1,1,1,1,0,1,1,0,0.78,1,0,0,0,2,2,1.666666667,6,6,6,5.5,3,3.5,2.666666667,5,4,2.666666667
1,119D,4,3,3,4,4,1,3,3,3,3,2,4,3,2,1,4,2,2,2,4,2,6,2,4,4,1,1,5,3,1,3,3,1,2,NA,NA,NA,6,6,2,6,3,6,6,2,6,2,4,4,4,5,5,5,5,5,6,2003,1,NA,NA,NA,NA,NA,NA,NA,0,0,0,0,0,0,0,0,0,0,0,0,0,0,1,0,0,0,0,NA,1,NA,0,5,37,NA,119,3,0,1,4,2,3,3,2,4,1,3,4,0,1,0,1,0,0,0,0,1,1,1,1,1,0,1,1,1,0.89,1,0,0,0,3,2,1.666666667,6,6,6,6,3,4,5,5,4.5,3
1,120A,4,4,3,3,2,1,2,3,3,2,2,3,3,1,1,3,1,1,1,0,1,2,0,4,1,NA,NA,NA,1,0,1,1,0,1,1,0,1,2,2,6,2,5,4,4,2,4,1,0,3,3,3,3,3,3,2,5,2003,1,NA,NA,NA,NA,NA,NA,NA,0,1,0,0,0,0,0,0,0,0,0,0,0,0,0,0,0,0,0,NA,1,NA,1,3,36,NA,120,4,1,1,4,1,1,3,2,4,1,4,4,0,1,0,0,0,0,1,0,1,0,0,1,1,0,1,0,1,0.56,0,0,0,1,3.5,1,1,2,2,6,4.5,2.666666667,3,3,5,3.5,2.666666667
1,120B,3,2,3,3,4,3,4,4,1,3,1,2,3,3,3,3,4,3,4,3,3,3,1,4,2,4,0,5,NA,NA,NA,5,1,4,1,0,1,6,7,2,6,4,6,5,5,4,2,2,4,4,3,4,3,3,2,4,2003,NA,1,NA,NA,NA,NA,NA,NA,0,0,0,0,0,0,0,0,0,0,0,0,0,0,1,0,0,0,0,NA,1,NA,0,1,37,NA,120,4,1,1,4,3,4,3,2,4,3,4,2,1,1,0,1,0,0,0,0,1,0,0,1,1,0,0,0,0,0.33,0,0,0,1,2.5,3.666666667,3,6,6.25,3,4.5,2,4,3.333333333,3,3.5,2.666666667
1,120C,3,2,3,5,4,3,5,2,2,2,2,3,3,2,2,5,2,2,2,3,3,3,1,4,3,1,0,5,5,1,4,NA,NA,NA,1,0,1,6,6,2,7,2,7,7,1,7,2,4,2,3,3,4,4,3,1,5,2002,NA,1,NA,NA,NA,NA,NA,NA,0,0,0,0,0,0,0,0,0,0,0,0,0,1,0,0,0,0,0,NA,1,NA,0,2,37,NA,120,4,1,1,4,2,3,3,2,4,1,4,4,1,1,0,1,0,0,0,0,1,1,1,1,1,0,1,0,1,0.78,0,0,0,1,2.5,2,2.333333333,6,6.25,7,7,2.666666667,2.5,3.666666667,3,3.5,2
1,120D,3,2,3,5,5,1,4,2,1,1,1,2,1,1,1,5,2,1,1,5,2,1,0,4,4,1,0,5,1,1,1,1,0,1,NA,NA,NA,3,5,6,6,4,7,7,1,6,1,3,4,4,2,3,3,4,1,6,2002,NA,1,NA,NA,NA,NA,NA,NA,0,0,0,0,0,0,0,0,0,0,0,0,0,1,0,0,0,0,0,NA,1,NA,0,3,36,NA,120,4,1,1,4,2,3,3,2,4,1,1,4,1,1,0,1,0,0,0,0,1,1,1,1,1,0,1,0,1,0.78,0,0,0,1,2.5,1.333333333,1.333333333,2,4,7,6.75,1.333333333,4,2.666666667,5,5,1.333333333
1,122A,3,4,3,5,5,1,3,2,2,2,1,3,3,1,1,3,1,1,1,4,1,1,0,3,1,NA,NA,NA,1,0,1,1,0,1,NA,NA,NA,6,6,2,6,2,6,6,2,6,1,3,5,4,5,5,5,5,4,6,2001,1,NA,NA,NA,NA,NA,NA,NA,0,0,0,0,0,0,0,0,0,0,0,0,0,1,0,0,0,0,0,NA,2,NA,0,3,37,NA,122,3,1,1,4,2,4,3,2,4,1,3,4,0,1,0,1,0,0,0,0,1,1,0,1,1,0,1,1,1,0.78,1,0,0,0,3.5,1,1,6,6,6,6,2.333333333,4.5,5,5,5,2
1,122B,3,2,2,4,2,1,4,3,3,2,1,3,3,1,1,3,1,1,1,4,1,2,1,3,2,1,0,5,NA,NA,NA,2,1,1,NA,NA,NA,6,5,2,6,2,7,7,1,7,1,2,5,4,3,5,5,5,4,5,2003,1,NA,NA,NA,NA,NA,NA,NA,0,0,0,0,0,0,0,0,0,0,0,0,0,1,0,0,0,0,0,NA,1,NA,0,5,36,"None, I think it was self-explanatory.",122,3,1,1,3,2,4,3,2,4,1,1,4,0,1,0,1,0,0,0,0,0,1,0,1,1,0,1,0,1,0.56,1,0,0,0,2,1,1,6,5.75,7,7,2.333333333,4.5,4.333333333,5,3.5,2.666666667
1,122C,3,2,3,3,3,1,4,4,3,2,2,3,3,1,1,5,2,1,1,5,1,5,0,3,3,1,0,5,2,1,1,NA,NA,NA,NA,NA,NA,7,6,2,7,1,7,7,1,7,1,0,3,3,3,3,3,3,1,6,2003,NA,1,NA,NA,NA,NA,NA,NA,0,0,0,0,0,0,0,0,0,0,0,0,0,0,0,1,0,0,0,NA,1,NA,0,2,36,NA,122,3,1,1,4,2,3,3,2,4,1,3,4,1,1,0,1,0,0,0,0,1,1,1,1,1,0,1,1,1,0.89,1,0,0,0,2.5,1.333333333,1,6,6.5,7,7,2.666666667,3,3,5,4,3
1,123A,1,1,2,1,4,1,4,2,3,2,3,3,2,1,1,4,2,1,1,5,2,2,0,3,1,NA,NA,NA,1,0,1,2,0,1,NA,NA,NA,5,6,2,5,4,7,7,1,5,2,1,3,2,3,4,5,3,3,6,2002,1,NA,NA,NA,NA,NA,NA,NA,0,0,0,0,0,0,0,0,0,1,0,0,0,1,0,0,0,0,0,NA,1,NA,0,2,37,NA,123,4,1,1,4,2,3,3,4,4,1,3,4,0,2,1,1,1,0,0,0,1,1,1,1,0,0,1,1,1,0.78,0,0,0,1,1.5,1.333333333,1.333333333,6,5.5,7,6.5,2.666666667,2.5,4,5,4.5,2.333333333
1,123B,4,2,2,5,4,1,4,3,3,2,1,2,2,1,1,3,1,1,1,3,1,1,0,3,2,1,0,5,NA,NA,NA,1,0,1,NA,NA,NA,5,4,6,4,5,7,6,2,6,2,0,5,4,5,5,5,5,1,6,2003,1,NA,NA,NA,NA,NA,NA,NA,0,0,0,0,0,0,0,0,0,1,0,0,0,0,0,0,0,0,0,NA,1,NA,0,5,23,n/a,123,4,1,1,4,1,3,3,2,4,1,3,4,0,1,0,0,1,0,0,0,1,0,1,1,1,0,1,1,1,0.78,0,0,0,1,2,1,1,2,3.75,6,6.25,1.666666667,4.5,5,5,4.5,2.666666667
1,123C,4,4,5,4,4,4,5,4,5,3,3,4,4,2,2,4,2,2,3,3,2,3,2,3,3,2,0,5,2,0,1,NA,NA,NA,NA,NA,NA,7,7,1,7,2,5,6,2,5,2,2,4,2,4,3,4,5,3,5,2002,NA,1,NA,NA,NA,NA,NA,NA,0,0,0,0,0,0,0,0,0,0,0,0,0,1,0,0,0,0,0,NA,1,NA,0,1,23,NA,123,4,1,1,1,1,1,1,2,4,1,3,2,1,1,0,1,0,0,0,0,0,0,0,0,1,0,1,1,0,0.33,0,0,0,1,4.5,2.333333333,2,7,7,6,5.5,3.666666667,3,3.666666667,2,3,4
1,124A,3,3,3,5,4,1,5,4,3,3,3,4,3,3,2,5,2,2,2,5,2,6,1,3,1,NA,NA,NA,2,1,1,2,1,2,NA,NA,NA,5,4,4,6,3,7,7,2,6,1,1,3,3,3,4,4,3,4,6,2001,NA,1,NA,NA,NA,NA,NA,NA,0,0,0,0,0,0,0,0,0,0,0,0,0,1,0,0,0,0,0,NA,1,NA,0,1,36,NA,124,1,0,1,3,2,4,3,2,4,1,1,4,1,1,0,1,0,0,0,0,0,1,0,1,1,0,1,0,1,0.56,0,1,0,0,3,2,2.333333333,4,4.75,6,6.5,3.333333333,3,3.666666667,5,4.5,3.333333333
1,124B,4,1,1,4,2,1,3,3,4,4,2,3,3,2,2,4,2,2,1,3,2,2,0,3,2,2,1,5,NA,NA,NA,2,1,1,NA,NA,NA,5,5,3,3,3,5,3,3,5,2,1,5,3,2,2,3,4,3,5,2001,1,NA,NA,NA,NA,NA,NA,NA,0,0,0,0,0,0,0,0,0,0,0,0,0,1,0,0,0,0,0,NA,3,NA,0,1,37,NA,124,1,0,1,4,2,4,3,2,4,1,1,4,0,1,0,1,0,0,0,0,1,1,0,1,1,0,1,0,1,0.67,0,1,0,0,1,1.666666667,2,5,4.5,5,4.5,2.666666667,4,2.333333333,5,3.5,3.666666667
1,124C,4,2,3,4,4,1,4,4,4,3,2,3,3,2,1,4,2,3,2,5,3,5,0,3,3,2,1,5,1,0,1,NA,NA,NA,NA,NA,NA,6,5,2,6,2,6,6,2,7,1,2,4,4,4,4,3,4,4,5,2003,NA,1,NA,NA,NA,NA,NA,NA,0,0,0,0,0,0,0,0,0,0,0,0,0,1,0,0,0,0,0,NA,1,NA,0,1,36,NA,124,1,0,1,4,2,4,3,2,4,1,3,4,1,1,0,1,0,0,0,0,1,1,0,1,1,0,1,1,1,0.78,0,1,0,0,2.5,2.333333333,2,6,5.75,6,6.25,2.666666667,4,3.666666667,5,4.5,3.666666667
1,125A,4,4,5,4,2,3,3,2,3,3,1,4,3,3,3,4,2,2,2,5,2,2,0,4,1,NA,NA,NA,2,0,1,2,0,1,2,0,1,3,6,2,4,4,6,5,2,7,1,4,4,4,5,5,4,4,3,6,2002,NA,1,NA,NA,NA,NA,NA,NA,0,0,0,0,0,0,0,0,0,0,0,0,0,1,0,0,0,0,0,NA,1,NA,0,5,37,NA,125,2,2,1,4,1,3,3,2,4,4,3,4,1,1,0,1,0,0,0,0,1,0,1,1,1,0,0,1,1,0.67,0,0,1,0,4.5,2,2.666666667,6,4.75,6,6,2.666666667,4,4.666666667,3,2.5,2.666666667
1,125B,2,2,2,3,3,1,3,2,2,2,1,3,3,2,2,4,2,2,2,4,2,1,1,4,2,1,0,5,NA,NA,NA,2,1,3,1,0,1,6,6,2,6,1,6,6,2,6,1,0,5,4,4,4,4,5,4,6,2003,1,NA,NA,NA,NA,NA,NA,NA,0,0,0,0,0,0,0,0,0,0,0,0,0,1,0,0,0,0,0,NA,1,NA,0,5,36,NA,125,2,2,1,4,2,3,3,2,4,1,1,4,0,1,0,1,0,0,0,0,1,1,1,1,1,0,1,0,1,0.78,0,0,1,0,2,2,2,6,6,6,6,2.333333333,4.5,4,5,4,2
1,125C,4,3,3,4,4,1,3,4,4,4,1,4,3,3,3,4,2,2,3,4,2,4,1,4,3,2,0,5,2,1,2,NA,NA,NA,1,0,1,6,6,2,5,2,6,6,2,6,1,1,3,3,5,4,4,4,4,6,2003,1,NA,NA,NA,NA,NA,NA,NA,0,0,0,0,0,0,0,0,0,0,0,0,0,0,0,0,0,0,1,NA,1,NA,0,3,36,NA,125,2,2,1,4,2,3,3,2,4,1,1,4,0,0,0,0,0,0,0,0,1,1,1,1,1,0,1,0,1,0.78,0,0,1,0,3,2.333333333,2.666666667,6,5.75,6,6,2.666666667,3,4.333333333,5,4.5,4
1,125D,4,3,4,4,1,4,5,4,5,4,3,4,3,3,3,4,4,4,3,4,3,6,1,4,4,1,0,5,1,0,1,2,1,2,NA,NA,NA,7,7,2,6,2,2,2,2,6,3,3,2,3,3,3,3,3,1,6,2000,NA,1,NA,NA,NA,NA,NA,NA,0,0,0,0,0,0,0,0,1,0,0,0,0,1,0,0,0,0,0,NA,3,NA,0,1,37,NA,125,2,2,1,4,2,4,3,2,4,1,3,4,1,2,1,1,0,1,0,0,1,1,0,1,1,0,1,1,1,0.78,0,0,1,0,3.5,3.666666667,3,6,6.5,6,4,3.333333333,2.5,3,2,1.5,4.333333333
1,126B,5,4,4,4,4,5,5,4,5,4,3,5,4,4,5,4,4,5,4,5,4,4,1,3,2,4,1,3,NA,NA,NA,1,0,1,NA,NA,NA,6,6,1,6,1,7,7,1,7,1,2,4,5,5,5,5,5,3,6,2002,NA,1,NA,NA,NA,NA,NA,NA,0,0,0,0,0,0,0,0,0,0,0,0,0,0,0,1,0,0,0,NA,1,NA,0,4,37,N.A,126,4,2,1,4,1,2,1,2,1,1,1,4,1,1,0,1,0,0,0,0,1,0,0,0,1,0,1,0,1,0.44,0,0,0,1,4,4.333333333,4.333333333,7,6.25,7,7,4,4.5,5,1,2.5,4.333333333
1,126C,3,4,5,5,4,1,3,3,3,3,3,3,3,4,4,4,4,3,3,4,4,3,1,3,3,2,0,5,1,0,1,NA,NA,NA,NA,NA,NA,7,7,2,6,2,7,7,1,7,1,3,5,4,5,5,4,5,4,6,2003,1,NA,NA,NA,NA,NA,NA,NA,0,0,0,0,0,0,0,0,0,0,0,0,0,1,0,0,0,0,0,NA,1,NA,0,5,37,NA,126,4,2,1,1,2,3,3,2,4,1,3,4,0,1,0,1,0,0,0,0,0,1,1,1,1,0,1,1,1,0.78,0,0,0,1,4.5,3.333333333,4,6,6.5,7,7,3,4.5,4.666666667,5,4.5,3
1,126D,3,4,3,4,4,2,4,3,3,3,2,3,3,4,3,4,3,3,3,4,3,3,0,3,4,1,0,5,1,0,1,1,0,1,NA,NA,NA,4,3,6,3,4,5,5,2,6,2,1,4,3,3,3,3,4,3,6,2003,1,NA,NA,NA,NA,NA,NA,NA,0,1,0,0,0,0,0,0,0,0,0,0,0,0,0,0,0,0,0,NA,1,NA,1,2,23,NA,126,4,2,1,4,2,4,3,2,4,1,4,4,0,1,0,0,0,0,1,0,1,1,0,1,1,0,1,0,1,0.67,0,0,0,1,3.5,3,3.333333333,2,3,6,5.5,2.666666667,3.5,3,4,4,3
1,128A,4,2,3,5,1,5,5,3,5,3,3,5,2,2,2,3,3,4,4,5,4,5,0,3,1,NA,NA,NA,1,0,1,1,0,1,NA,NA,NA,3,2,6,4,4,1,1,7,2,5,0,2,1,2,1,3,1,1,4,2003,1,NA,NA,NA,NA,NA,NA,NA,0,0,0,0,0,0,0,0,0,0,0,0,0,1,0,0,0,0,0,NA,1,NA,0,1,37,NA,128,4,2,1,4,4,3,1,2,4,1,1,2,0,1,0,1,0,0,0,0,1,0,1,0,1,0,1,0,0,0.44,0,0,0,1,2.5,3.666666667,2.666666667,2,2.75,1,1.25,3.333333333,1.5,2,1,1,3.666666667
1,128C,3,3,2,4,2,4,4,3,3,2,1,3,3,2,2,1,1,3,2,4,2,4,0,3,3,1,0,5,1,0,1,NA,NA,NA,NA,NA,NA,7,6,2,6,2,7,6,2,5,1,4,2,4,3,3,4,3,1,6,2003,NA,1,NA,NA,NA,NA,NA,NA,0,0,0,0,0,0,0,0,0,0,0,0,0,1,0,0,0,0,0,NA,1,NA,0,5,37,NA,128,4,2,1,4,2,3,3,2,4,1,3,4,1,1,0,1,0,0,0,0,1,1,1,1,1,0,1,1,1,0.89,0,0,0,1,2.5,2,2,6,6.25,6,6,2.333333333,3,3.333333333,2,2,2.666666667
1,128D,3,2,2,3,2,3,4,3,2,3,3,4,3,3,2,4,3,2,2,4,2,2,0,3,4,1,0,5,1,0,1,1,0,1,NA,NA,NA,7,7,1,7,1,7,7,1,7,1,3,4,4,4,5,4,4,3,6,2003,NA,1,NA,NA,NA,NA,NA,NA,0,0,0,0,0,0,0,0,0,0,0,0,0,1,0,0,0,0,0,NA,1,NA,0,4,37,NA,128,4,2,1,4,2,3,3,2,4,1,3,4,1,1,0,1,0,0,0,0,1,1,1,1,1,0,1,1,1,0.89,0,0,0,1,2,2.333333333,2.333333333,7,7,7,7,3.333333333,4,4.333333333,3,2.5,2.666666667
1,129A,4,4,5,5,2,3,5,5,5,4,3,4,4,4,3,5,3,3,3,5,3,4,1,3,1,NA,NA,NA,3,1,3,1,0,1,NA,NA,NA,7,7,1,7,2,7,7,2,5,1,2,4,3,5,4,4,4,5,6,2001,1,NA,NA,NA,NA,NA,NA,NA,0,0,0,0,0,0,0,0,1,0,0,0,0,1,0,0,0,0,0,NA,2,NA,0,2,36,NA,129,3,2,1,4,2,4,3,2,4,1,3,4,0,2,1,1,0,1,0,0,1,1,0,1,1,0,1,1,1,0.78,1,0,0,0,4.5,3,3.333333333,7,7,6,6.25,3.666666667,3.5,4.333333333,3,2.5,4.666666667
1,129B,4,3,5,4,3,2,3,4,4,3,3,5,4,4,4,5,4,4,4,5,4,4,2,NA,2,2,1,4,NA,NA,NA,NA,NA,NA,NA,NA,NA,7,7,1,7,1,6,6,1,6,1,4,4,3,3,2,3,4,3,6,2002,1,NA,NA,NA,NA,NA,NA,NA,0,0,0,0,0,0,0,0,0,0,0,0,0,1,0,0,0,0,0,NA,1,NA,0,2,37,NA,129,3,2,1,4,2,1,3,2,4,4,3,4,0,1,0,1,0,0,0,0,1,1,0,1,1,0,0,1,1,0.67,1,0,0,0,4,4,4,7,7,7,6.25,4,3.5,2.666666667,4,3.5,3.666666667
1,130A,2,2,3,4,3,2,4,4,4,3,2,3,3,1,1,3,2,2,2,3,2,2,0,3,1,NA,NA,NA,1,0,1,1,0,1,NA,NA,NA,6,6,1,6,1,7,6,2,6,1,1,3,3,3,4,4,3,3,6,2003,NA,1,NA,NA,NA,NA,NA,NA,0,0,0,0,0,0,0,0,0,0,0,0,0,1,0,0,0,0,0,NA,1,NA,0,2,37,I only had 2 people in my group and that was not an option in the survey. It made me chose either 3 or 4.,130,3,1,1,4,2,3,3,2,1,1,3,4,1,1,0,1,0,0,0,0,1,1,1,1,1,0,1,1,1,0.89,1,0,0,0,2.5,2,1.333333333,7,6.25,6,6.25,2.666666667,3,3.666666667,4,3.5,3.666666667
1,130C,3,2,3,4,3,1,4,4,3,3,3,3,3,2,2,0,2,2,1,3,2,2,0,3,3,2,0,5,NA,NA,NA,NA,NA,NA,NA,NA,NA,4,6,3,5,3,4,5,4,5,3,0,3,3,3,3,3,3,1,6,2002,NA,1,NA,NA,NA,NA,NA,NA,0,1,0,0,0,0,0,0,0,0,0,0,0,0,0,0,0,0,0,NA,1,NA,1,2,37,NA,130,3,1,1,4,1,4,3,2,4,1,1,4,1,1,0,0,0,0,1,0,1,0,0,1,1,0,1,0,1,0.56,1,0,0,0,2.5,1.666666667,2,5,5,4,4.5,3,3,3,5,4,3.333333333
1,132A,4,1,3,3,5,1,3,3,4,3,3,4,3,1,1,4,2,1,1,5,2,3,0,3,1,NA,NA,NA,1,0,1,1,0,1,NA,NA,NA,7,7,1,7,1,7,7,1,7,1,1,5,5,4,4,4,5,4,5,2003,1,NA,NA,NA,NA,NA,NA,NA,0,0,0,0,0,0,0,0,0,0,0,0,0,1,0,0,0,0,0,NA,1,NA,0,3,36,Sometimes Zoom freezes and the participants lose part of the questions but I know that is not the researchers fault.,132,1,0,1,4,2,3,3,2,1,1,3,4,0,1,0,1,0,0,0,0,1,1,1,1,1,0,1,1,1,0.89,0,1,0,0,2,1.333333333,1.333333333,7,7,7,7,3.333333333,5,4,5,5,3.333333333
1,132B,4,2,3,5,2,1,3,2,3,1,1,3,3,1,1,3,2,1,1,3,2,1,1,3,2,2,1,5,NA,NA,NA,1,0,1,NA,NA,NA,5,5,3,5,3,5,5,3,5,3,1,3,3,4,4,4,4,2,6,2003,1,NA,NA,NA,NA,NA,NA,NA,0,1,0,0,0,0,0,0,0,0,0,0,0,0,0,0,0,0,0,NA,1,NA,1,1,34,NA,132,1,0,1,4,1,4,3,2,4,1,1,4,0,1,0,0,0,0,1,0,1,0,0,1,1,0,1,0,1,0.56,0,1,0,0,2.5,1.333333333,1.333333333,5,5,5,5,2.333333333,3,4,5,3.5,2
1,134B,3,1,1,4,2,3,4,4,4,3,2,4,3,1,1,0,2,1,1,0,1,4,0,3,1,NA,NA,NA,1,0,1,1,0,1,NA,NA,NA,4,2,6,4,4,6,6,2,6,2,0,4,3,4,4,3,4,3,6,2002,1,NA,NA,NA,NA,NA,NA,NA,0,0,1,0,0,0,0,0,0,0,0,0,0,0,0,0,0,0,0,NA,1,NA,1,2,36,NA,134,3,1,1,4,2,2,3,4,4,1,4,4,0,1,0,0,0,0,1,0,1,1,0,1,0,0,1,0,1,0.56,1,0,0,0,1,1.333333333,1,2,3,6,6,3,3.5,3.666666667,3,2.5,3.666666667
1,134C,2,1,2,4,4,1,4,3,3,2,2,3,3,1,1,4,2,1,1,4,1,2,1,3,3,1,1,4,1,0,1,NA,NA,NA,NA,NA,NA,6,6,2,6,2,6,6,2,6,1,0,4,4,4,4,3,4,1,6,2003,1,NA,NA,NA,NA,NA,NA,NA,0,0,0,0,0,0,0,0,0,0,0,0,0,1,0,0,0,0,0,NA,1,NA,0,2,36,No,134,3,1,1,4,1,3,3,2,4,1,1,4,0,1,0,1,0,0,0,0,1,0,1,1,1,0,1,0,1,0.67,1,0,0,0,1.5,1.333333333,1,6,6,6,6,2.666666667,4,3.666666667,5,4.5,2.666666667
1,135A,2,2,1,4,1,5,4,2,3,2,1,3,3,1,1,5,1,1,1,5,1,1,0,3,1,NA,NA,NA,1,0,1,1,0,1,NA,NA,NA,2,2,6,3,4,2,4,4,4,3,0,1,1,1,1,1,1,5,6,2003,NA,1,NA,NA,NA,NA,NA,NA,0,0,0,0,0,0,0,0,0,0,0,0,0,1,0,0,0,0,0,NA,1,NA,0,1,37,NA,135,3,0,1,4,2,1,3,2,1,1,3,4,1,1,0,1,0,0,0,0,1,1,0,1,1,0,1,1,1,0.78,1,0,0,0,1.5,1,1,2,2.25,4,3.5,2.333333333,1,1,1,1,2.333333333
1,135B,3,2,2,4,4,1,5,3,3,3,1,3,3,1,1,4,2,2,1,4,2,3,0,3,2,1,0,5,NA,NA,NA,1,0,1,NA,NA,NA,6,6,3,6,3,6,6,2,6,1,1,4,3,3,3,2,3,4,5,2003,NA,1,NA,NA,NA,NA,NA,NA,0,0,0,0,0,0,0,0,0,0,0,0,0,1,0,0,0,0,0,NA,1,NA,0,2,37,NA,135,3,0,1,4,2,3,3,2,4,1,4,4,1,1,0,1,0,0,0,0,1,1,1,1,1,0,1,0,1,0.78,1,0,0,0,2,1.666666667,1.333333333,5,5.75,6,6,2.333333333,3.5,2.666666667,5,4.5,3
1,137A,2,1,2,3,3,3,3,2,3,3,1,3,3,1,1,3,1,1,1,4,1,2,0,4,1,NA,NA,NA,1,0,1,1,0,1,1,0,1,6,5,4,6,2,6,6,2,6,1,0,4,3,3,4,3,4,5,6,2002,NA,1,NA,NA,NA,NA,NA,NA,0,0,0,0,0,0,0,0,0,0,0,0,0,1,0,0,0,0,0,NA,2,NA,0,2,37,NA,137,3,0,1,4,2,3,3,2,4,1,3,4,1,1,0,1,0,0,0,0,1,1,1,1,1,0,1,1,1,0.89,1,0,0,0,1.5,1,1,4,5.25,6,6,2.333333333,3.5,3.333333333,3,3,2.666666667
1,137B,2,1,1,4,3,1,3,2,2,1,1,3,2,1,1,3,1,1,1,3,1,3,0,4,2,1,0,5,NA,NA,NA,1,0,1,1,0,1,7,6,2,6,2,7,7,1,7,1,0,4,4,3,3,3,4,3,6,2002,1,NA,NA,NA,NA,NA,NA,NA,0,0,0,0,0,0,0,0,0,0,0,0,0,1,0,0,0,0,0,NA,1,NA,0,2,37,NA,137,3,0,1,4,2,3,3,2,4,1,1,4,0,1,0,1,0,0,0,0,1,1,1,1,1,0,1,0,1,0.78,1,0,0,0,1,1,1,6,6.25,7,7,2,4,3,5,4,1.666666667
1,137C,2,2,1,3,3,1,4,3,3,3,3,3,3,1,1,3,2,1,1,3,2,2,0,4,3,3,1,5,1,0,1,NA,NA,NA,1,0,1,5,5,6,5,3,4,4,4,5,2,0,3,3,3,3,3,3,3,6,2002,NA,1,NA,NA,NA,NA,NA,NA,0,0,0,0,0,0,0,1,0,0,0,0,0,0,0,0,0,0,0,NA,1,NA,0,2,36,NA,137,3,0,1,4,2,3,3,2,4,1,1,4,1,1,0,0,0,1,0,0,1,1,1,1,1,0,1,0,1,0.78,1,0,0,0,1.5,1.333333333,1.333333333,2,4.25,4,4.25,3,3,3,5,4,3
1,137D,2,2,2,4,4,3,3,3,3,2,1,3,3,1,1,5,1,1,1,4,1,2,0,4,4,1,0,5,1,0,1,1,0,1,NA,NA,NA,7,7,1,7,1,4,4,4,6,1,0,3,3,3,3,3,3,1,6,1999,1,NA,NA,NA,NA,NA,NA,NA,0,0,0,0,0,0,0,0,0,0,0,0,0,1,0,0,0,0,0,NA,4,NA,0,1,37,NA,137,3,0,1,3,2,1,3,2,4,1,2,4,0,1,0,1,0,0,0,0,0,1,0,1,1,0,1,0,1,0.56,1,0,0,0,2,1,1,7,7,4,4.5,2.333333333,3,3,3,3.5,2.666666667
1,139B,2,1,1,4,3,2,3,2,3,2,1,3,2,1,1,3,2,1,1,4,2,1,0,3,2,1,0,5,NA,NA,NA,1,0,1,NA,NA,NA,6,7,2,6,2,6,6,1,7,2,1,5,4,4,4,5,4,5,6,2002,1,NA,NA,NA,NA,NA,NA,NA,0,0,0,0,0,0,0,1,0,0,0,0,0,0,0,1,0,0,0,NA,1,NA,0,1,37,NA,139,2,0,1,4,2,4,3,2,4,1,4,4,0,2,1,1,0,1,0,0,1,1,0,1,1,0,1,0,1,0.67,0,0,1,0,1,1.333333333,1.333333333,6,6.25,7,6.5,2,4.5,4.333333333,4,3.5,2.333333333
1,139C,3,2,2,5,4,1,5,4,4,4,3,5,3,2,2,4,2,1,2,4,3,3,0,3,3,1,0,5,1,0,1,NA,NA,NA,NA,NA,NA,6,6,4,6,3,6,5,3,6,2,4,5,3,4,4,4,4,4,6,2002,1,NA,NA,NA,NA,NA,NA,NA,0,0,0,0,0,0,0,0,0,0,0,0,0,0,0,1,0,0,0,NA,1,NA,0,3,36,NA,139,2,0,1,3,2,2,3,2,2,1,4,2,0,1,0,1,0,0,0,0,0,1,0,1,1,0,1,0,0,0.44,0,0,1,0,2,1.666666667,2.333333333,4,5.5,5,5.5,3.666666667,4,4,5,4.5,4
1,140A,3,4,4,4,4,1,2,2,2,2,2,3,3,3,3,4,2,3,3,4,3,2,0,4,1,NA,NA,NA,1,0,1,1,0,1,1,1,2,6,6,2,6,2,6,6,2,5,2,2,4,3,4,3,4,4,3,6,2003,1,NA,NA,NA,NA,NA,NA,NA,0,0,0,0,0,0,0,0,0,0,0,0,0,1,0,0,0,0,0,NA,1,NA,0,3,37,we were only able to talk about one question with the group,140,1,2,1,4,4,4,3,2,4,1,1,4,0,1,0,1,0,0,0,0,1,0,0,1,1,0,1,0,1,0.56,0,1,0,0,4,2.666666667,3,6,6,6,5.75,2.666666667,3.5,3.666666667,5,4.5,2
1,140B,3,3,2,5,4,1,2,1,2,2,1,3,3,2,2,3,2,2,1,0,1,1,0,4,2,1,1,5,NA,NA,NA,1,0,1,1,0,1,5,5,3,5,4,7,7,2,6,1,2,5,4,5,5,5,5,1,6,2002,1,NA,NA,NA,NA,NA,NA,NA,0,0,0,0,0,0,0,0,0,0,0,0,0,1,0,0,0,0,0,NA,1,NA,0,5,36,NA,140,1,2,1,3,2,3,3,2,4,1,3,4,0,1,0,1,0,0,0,0,0,1,1,1,1,0,1,1,1,0.78,0,1,0,0,2.5,1.666666667,1.666666667,5,5,6,6.5,2.333333333,4.5,5,5,4.5,1.666666667
1,140C,2,3,4,3,4,3,3,3,2,2,3,4,3,2,2,4,3,2,2,3,3,3,0,4,3,1,0,5,1,0,1,NA,NA,NA,1,0,1,5,5,3,5,3,4,4,4,6,2,0,3,3,4,3,4,3,2,5,1996,NA,1,NA,NA,NA,NA,NA,NA,0,1,0,0,0,0,0,0,0,0,0,0,0,0,0,0,0,0,0,NA,4,NA,1,1,36,NA,140,1,2,1,4,1,3,3,2,1,1,3,4,1,1,0,0,0,0,1,0,1,0,1,1,1,0,1,1,1,0.78,0,1,0,0,3.5,2.333333333,2.333333333,5,5,4,4.5,3.333333333,3,3.666666667,3,3.5,2.333333333
1,140D,4,3,4,2,3,1,2,2,2,1,1,4,3,2,2,3,2,2,1,4,2,2,1,4,4,2,0,5,2,0,1,3,1,2,NA,NA,NA,7,6,2,6,1,5,6,4,5,2,2,4,4,3,3,4,4,4,5,2002,NA,1,NA,NA,NA,NA,NA,NA,0,0,0,0,0,0,0,0,0,0,0,0,0,1,0,0,0,0,0,NA,1,NA,0,3,37,none the zoom call was effortless,140,1,2,1,4,1,3,3,2,1,1,4,3,1,1,0,1,0,0,0,0,1,0,1,1,1,0,1,0,0,0.56,0,1,0,0,3.5,1.666666667,2,6,6.25,4,5,2.666666667,4,3.333333333,5,4,1.666666667
1,141A,2,1,4,4,3,1,5,5,4,4,3,5,4,3,2,5,3,3,3,4,3,7,1,3,1,NA,NA,NA,1,0,1,4,1,3,NA,NA,NA,7,7,1,7,1,7,7,1,7,1,4,5,4,3,4,5,4,3,5,2003,NA,1,NA,NA,NA,NA,NA,NA,0,0,0,0,0,0,0,0,0,0,0,0,0,1,0,0,0,0,0,NA,1,NA,0,2,37,NA,141,1,0,1,2,1,3,3,2,4,1,1,4,1,1,0,1,0,0,0,0,0,0,1,1,1,0,1,0,1,0.56,0,1,0,0,2.5,3,2.666666667,7,7,7,7,4,4.5,4,5,4,4.333333333
1,141C,4,4,5,5,1,4,4,4,4,3,3,3,3,2,2,4,3,4,4,5,4,3,0,3,3,1,0,5,1,0,1,NA,NA,NA,NA,NA,NA,6,6,2,6,1,4,6,2,3,4,4,4,2,3,3,4,4,5,5,2003,NA,1,NA,NA,NA,NA,NA,NA,0,0,0,0,0,0,0,0,0,0,0,0,0,1,0,0,0,0,0,NA,1,NA,0,1,36,NA,141,1,0,1,4,2,3,3,2,4,1,3,4,1,1,0,1,0,0,0,0,1,1,1,1,1,0,1,1,1,0.89,0,1,0,0,4.5,3.666666667,2.666666667,6,6,6,4.75,3,3,3.333333333,2,1.5,3.666666667
1,142A,3,2,4,4,2,3,5,5,4,3,3,3,2,1,1,3,2,1,1,4,1,6,0,4,1,NA,NA,NA,1,0,1,1,0,1,1,0,1,7,6,2,5,3,6,4,2,5,2,2,5,4,4,4,3,5,3,5,2003,1,NA,NA,NA,NA,NA,NA,NA,0,0,0,0,0,0,0,0,0,0,0,0,0,1,0,0,0,0,0,NA,1,NA,0,5,37,NA,142,4,0,1,4,2,3,3,2,4,1,1,4,0,1,0,1,0,0,0,0,1,1,1,1,1,0,1,0,1,0.78,0,0,0,1,3,1.333333333,1,6,6,6,5.25,2.666666667,4.5,3.666666667,3,2.5,4
1,142B,3,3,3,4,3,2,4,3,3,4,2,3,3,2,2,5,2,1,2,5,1,2,1,4,2,1,0,5,NA,NA,NA,2,1,2,1,0,1,7,7,1,7,1,7,7,1,7,1,2,3,4,3,4,4,3,2,6,2002,1,NA,NA,NA,NA,NA,NA,NA,0,0,0,0,0,0,0,0,0,0,0,0,0,1,0,0,0,0,0,NA,2,NA,0,6,37,N/A,142,4,0,1,4,4,3,3,2,4,4,1,4,0,1,0,1,0,0,0,0,1,0,1,1,1,0,0,0,1,0.56,0,0,0,1,3,1.666666667,1.666666667,7,7,7,7,2.666666667,3.5,3.666666667,4,3.5,3.333333333
1,142C,3,1,3,5,2,2,4,3,3,2,3,3,3,1,1,4,1,1,1,4,1,2,1,4,3,1,0,5,1,0,1,NA,NA,NA,5,1,2,7,7,1,7,2,6,6,2,6,2,3,2,2,2,2,2,2,1,6,2003,1,NA,NA,NA,NA,NA,NA,NA,0,0,0,0,0,0,0,0,0,0,0,0,0,1,0,0,0,0,0,NA,1,NA,0,2,37,NA,142,4,0,1,4,2,3,3,2,4,1,3,4,0,1,0,1,0,0,0,0,1,1,1,1,1,0,1,1,1,0.89,0,0,0,1,2,1,1,7,7,6,6,3,2,2,4,3,2.666666667
1,142D,2,1,1,3,4,1,5,4,3,2,2,4,3,1,1,5,2,1,1,0,1,3,1,4,4,1,0,5,1,0,1,5,1,4,NA,NA,NA,7,7,1,7,2,7,7,1,7,1,4,4,3,3,4,4,3,3,6,2003,1,NA,NA,NA,NA,NA,NA,NA,0,0,0,0,0,0,0,0,0,0,0,0,0,1,0,0,0,0,0,NA,1,NA,0,3,36,NA,142,4,0,1,4,2,1,3,2,4,1,1,4,0,1,0,1,0,0,0,0,1,1,0,1,1,0,1,0,1,0.67,0,0,0,1,1,1.333333333,1,7,7,7,7,3,3.5,3.666666667,5,4.5,3
1,143A,3,4,4,5,4,1,4,4,4,3,3,4,4,2,2,5,3,3,3,5,3,2,0,3,1,NA,NA,NA,1,0,1,1,0,1,NA,NA,NA,7,7,1,7,1,7,7,2,7,1,4,4,4,4,4,4,4,3,6,2002,NA,1,NA,NA,NA,NA,NA,NA,0,0,0,0,0,0,0,0,1,0,0,0,0,1,0,0,0,0,0,NA,2,NA,0,1,37,NA,143,2,2,1,3,2,3,3,2,4,4,1,4,1,2,1,1,0,1,0,0,0,1,1,1,1,0,0,0,1,0.56,0,0,1,0,4,3,2.333333333,7,7,6,6.75,3.666666667,4,4,5,4.5,3.666666667
1,143D,4,3,3,5,4,2,4,4,4,3,2,3,3,3,3,4,3,3,2,5,3,3,0,3,4,1,0,5,1,0,1,1,0,1,NA,NA,NA,5,4,5,6,3,6,6,1,6,1,3,5,4,5,4,4,4,4,6,2002,NA,1,NA,NA,NA,NA,NA,NA,0,0,0,0,0,0,0,0,0,0,0,0,0,1,0,0,0,0,0,NA,1,NA,0,3,37,NA,143,2,2,1,4,2,3,3,2,4,1,1,4,1,1,0,1,0,0,0,0,1,1,1,1,1,0,1,0,1,0.78,0,0,1,0,3,2.666666667,3,3,4.5,7,6.25,2.666666667,4.5,4.333333333,4,4,3.666666667
1,144A,3,2,2,3,3,3,4,3,4,4,1,4,3,1,1,4,4,1,2,4,4,4,0,3,1,NA,NA,NA,1,0,1,1,0,1,NA,NA,NA,6,6,3,5,3,5,5,5,3,4,4,2,3,2,2,3,3,2,5,2002,NA,1,NA,NA,NA,NA,NA,NA,0,0,0,0,0,0,0,0,0,0,0,0,0,1,0,0,0,0,0,NA,1,NA,0,1,36,NA,144,4,0,1,4,1,4,1,2,4,1,4,3,1,1,0,1,0,0,0,0,1,0,0,0,1,0,1,0,0,0.33,0,0,0,1,2,2.333333333,2,5,5.5,3,4,2.666666667,2.5,2.333333333,3,3,3.666666667
1,144B,2,1,1,3,2,1,3,2,3,2,1,4,3,1,1,0,1,1,1,0,1,2,0,3,2,1,0,5,NA,NA,NA,NA,NA,NA,NA,NA,NA,6,5,2,6,2,5,5,2,6,1,1,2,3,1,3,3,3,3,6,2000,1,NA,NA,NA,NA,NA,NA,NA,0,0,0,0,0,0,0,0,0,0,0,0,0,1,0,0,0,0,0,NA,3,NA,0,1,37,"I only had one other person in my group. So including myself, there were 2 people.",144,4,0,1,4,2,3,3,2,4,1,1,4,0,1,0,1,0,0,0,0,1,1,1,1,1,0,1,0,1,0.78,0,0,0,1,1,1,1,6,5.75,6,5.5,2.666666667,2.5,2.333333333,5,3.5,2.333333333
1,145A,3,1,1,3,2,3,4,3,3,3,2,3,3,1,1,3,1,1,1,3,1,1,0,3,1,NA,NA,NA,1,0,1,1,0,1,NA,NA,NA,5,6,2,5,3,5,5,2,5,2,1,3,2,2,3,3,3,1,6,2002,1,NA,NA,NA,NA,NA,NA,NA,0,0,0,0,0,0,0,0,0,0,0,0,0,1,0,0,0,0,0,NA,1,NA,0,2,23,NA,145,4,0,1,4,4,3,3,2,4,1,1,4,0,1,0,1,0,0,0,0,1,0,1,1,1,0,1,0,1,0.67,0,0,0,1,1,1,1,6,5.5,6,5.25,2.666666667,2.5,2.666666667,3,2.5,3
1,145C,3,3,4,4,3,1,4,3,3,3,2,3,3,1,1,5,1,1,1,4,1,5,1,3,3,1,1,4,1,0,1,NA,NA,NA,NA,NA,NA,4,4,4,4,3,3,3,5,6,3,4,3,2,3,3,3,3,1,6,2003,1,NA,NA,NA,NA,NA,NA,NA,0,0,0,0,0,0,0,0,0,0,0,0,0,1,0,0,0,0,0,NA,1,NA,0,1,37,NA,145,4,0,1,4,2,3,3,2,4,1,4,4,0,1,0,1,0,0,0,0,1,1,1,1,1,0,1,0,1,0.78,0,0,0,1,3.5,1,1,4,4,3,3.75,2.666666667,2.5,3,5,4,3
1,145D,5,3,4,3,2,1,3,3,3,2,2,3,3,1,1,4,2,1,1,0,1,2,1,3,4,2,1,3,1,0,1,1,0,1,NA,NA,NA,7,7,2,6,1,5,5,2,4,1,4,5,4,4,3,3,5,4,5,2003,1,NA,NA,NA,NA,NA,NA,NA,0,0,0,0,0,0,0,0,0,0,0,0,0,1,0,0,0,0,0,NA,1,NA,1,2,36,NA,145,4,0,1,3,2,4,3,2,1,1,1,4,0,1,0,1,0,0,0,0,0,1,0,1,1,0,1,0,1,0.56,0,0,0,1,3.5,1.333333333,1,6,6.5,6,5,2.666666667,4.5,3.333333333,5,3.5,2.666666667
1,146A,4,3,1,4,4,1,1,1,1,1,1,3,3,NA,NA,NA,NA,NA,NA,NA,NA,1,0,3,1,NA,NA,NA,1,0,1,1,0,1,NA,NA,NA,7,7,1,7,2,7,7,1,7,1,3,4,4,3,4,4,4,3,6,2003,1,NA,NA,NA,NA,NA,NA,NA,0,0,0,0,0,0,0,0,0,0,0,0,0,1,0,0,0,0,0,NA,1,NA,0,3,37,NA,146,3,1,1,4,2,3,3,2,1,1,3,4,0,1,0,1,0,0,0,0,1,1,1,1,1,0,1,1,1,0.89,1,0,0,0,2,NA,NA,7,7,7,7,2.333333333,4,3.666666667,5,4.5,1
1,146C,3,3,2,4,3,1,1,1,1,1,1,2,1,NA,NA,NA,NA,NA,NA,NA,NA,1,1,3,3,2,1,4,1,0,1,NA,NA,NA,NA,NA,NA,6,6,2,6,2,7,7,1,6,2,2,5,5,4,4,3,5,4,5,2003,1,NA,NA,NA,NA,NA,NA,NA,0,0,0,0,0,0,0,0,0,0,0,0,0,1,0,0,0,0,0,NA,1,NA,0,5,37,NA,146,3,1,1,4,2,3,3,2,4,1,1,4,0,1,0,1,0,0,0,0,1,1,1,1,1,0,1,0,1,0.78,1,0,0,0,2.5,NA,NA,6,6,7,6.75,1.333333333,5,3.666666667,5,4,1
1,146D,3,2,3,4,4,1,3,2,2,2,2,3,2,2,2,4,3,2,2,3,2,3,0,3,4,1,0,5,1,0,1,1,0,1,NA,NA,NA,5,6,3,6,3,6,6,2,6,2,4,4,2,4,4,3,3,2,5,2002,NA,1,NA,NA,NA,NA,NA,NA,0,0,0,0,0,0,0,0,0,0,0,0,0,1,0,0,0,0,0,NA,2,NA,0,1,37,NA,146,3,1,1,4,2,4,3,2,4,1,3,4,1,1,0,1,0,0,0,0,1,1,0,1,1,0,1,1,1,0.78,1,0,0,0,2.5,2.333333333,2,5,5.5,6,6,2.333333333,3,3.666666667,5,4.5,2
1,147B,3,3,4,5,3,1,4,3,4,4,3,4,3,3,3,4,3,3,3,4,3,3,1,3,2,1,0,5,NA,NA,NA,3,1,3,NA,NA,NA,6,5,3,5,2,6,5,3,5,2,2,4,4,3,3,4,4,3,6,2002,NA,1,NA,NA,NA,NA,NA,NA,0,0,0,0,0,0,0,0,0,0,0,0,0,1,0,0,0,0,0,NA,1,NA,0,3,37,NA,147,1,2,1,4,1,3,3,2,4,1,3,4,1,1,0,1,0,0,0,0,1,0,1,1,1,0,1,1,1,0.78,0,1,0,0,3.5,3,3,5,5.25,5,5.25,3.333333333,4,3.333333333,5,4,3.666666667
1,147C,2,2,2,2,2,2,4,3,4,3,2,4,3,3,3,3,2,2,2,2,2,2,1,3,3,1,0,5,2,1,3,NA,NA,NA,NA,NA,NA,7,6,2,6,1,6,6,1,6,1,1,4,4,4,4,5,4,3,6,2003,1,NA,NA,NA,NA,NA,NA,NA,0,0,0,0,0,0,0,0,0,0,0,0,0,1,0,0,0,0,0,NA,1,NA,0,5,36,NA,147,1,2,1,4,2,3,3,2,4,1,1,4,0,1,0,1,0,0,0,0,1,1,1,1,1,0,1,0,1,0.78,0,1,0,0,2,2,2.666666667,6,6.25,7,6.25,3,4,4.333333333,4,3,3.333333333
1,149A,3,3,3,4,4,4,4,5,5,5,3,3,3,3,3,3,3,3,3,4,3,3,0,3,1,NA,NA,NA,4,0,1,1,0,1,NA,NA,NA,5,6,6,6,2,6,6,2,6,1,4,4,4,4,4,4,5,3,6,2003,1,NA,NA,NA,NA,NA,NA,NA,0,0,0,0,0,0,0,0,0,0,0,0,0,1,0,0,0,0,0,NA,1,NA,0,4,36,n/a,149,4,2,1,4,2,3,3,2,4,1,3,4,0,1,0,1,0,0,0,0,1,1,1,1,1,0,1,1,1,0.89,0,0,0,1,3,3,3,2,4.75,6,6,3,4,4,2,3,5
1,149C,3,2,3,4,2,2,5,4,4,2,2,3,3,3,3,4,2,2,2,4,2,2,0,3,3,1,0,5,1,0,1,NA,NA,NA,NA,NA,NA,7,7,2,6,2,7,7,1,6,1,4,3,3,3,3,3,4,3,6,2002,NA,1,NA,NA,NA,NA,NA,NA,0,0,0,0,0,0,0,0,0,0,0,0,0,1,0,0,0,0,0,NA,1,NA,0,2,37,N/a,149,4,2,1,4,1,4,3,2,4,1,3,4,1,1,0,1,0,0,0,0,1,0,0,1,1,0,1,1,1,0.67,0,0,0,1,2.5,2,2.666666667,6,6.5,7,6.75,2.666666667,3,3,4,3,3.333333333
1,149D,4,3,4,4,3,3,4,3,3,3,1,3,3,3,3,3,3,3,3,4,3,3,0,3,4,1,0,5,1,0,1,1,0,1,NA,NA,NA,5,5,4,4,3,6,6,2,7,2,3,5,4,4,4,2,5,1,4,2002,1,NA,NA,NA,NA,NA,NA,NA,0,0,0,0,0,0,0,0,0,1,0,0,0,0,0,0,0,0,0,NA,1,NA,0,4,34,NA,149,4,2,1,1,2,3,3,2,4,4,1,4,0,1,0,0,1,0,0,0,0,1,1,1,1,0,0,0,1,0.56,0,0,0,1,3.5,3,3,4,4.5,6,6.25,2.333333333,4.5,3.333333333,3,3,3
1,150A,5,2,5,5,5,2,3,4,5,5,1,3,3,1,1,5,4,3,3,5,3,4,0,4,1,NA,NA,NA,1,0,1,1,0,1,1,0,1,5,4,5,4,4,6,6,4,2,3,0,5,4,2,3,3,3,3,5,2001,1,NA,NA,NA,NA,NA,NA,NA,0,0,0,1,0,0,0,0,0,0,0,0,0,0,0,0,0,0,0,NA,2,NA,1,6,36,NA,150,1,0,1,4,1,3,3,2,4,1,4,4,0,1,0,0,0,0,1,0,1,0,1,1,1,0,1,0,1,0.67,0,1,0,0,3.5,3.333333333,1.666666667,3,4,4,4.5,2.333333333,4.5,2.666666667,4,4.5,4.666666667
1,150B,3,4,3,4,4,1,3,4,3,3,2,5,3,1,1,4,2,1,1,5,1,2,0,4,2,1,0,5,NA,NA,NA,1,0,1,1,0,1,6,6,2,6,3,6,5,2,6,2,0,3,3,3,3,3,3,5,5,2001,NA,1,NA,NA,NA,NA,NA,NA,0,0,0,0,0,0,0,0,0,0,0,0,0,1,0,0,0,0,0,NA,1,NA,0,4,37,NA,150,1,0,1,4,1,3,3,2,4,1,1,4,1,1,0,1,0,0,0,0,1,0,1,1,1,0,1,0,1,0.67,0,1,0,0,3.5,1.333333333,1,6,6,6,5.75,3.333333333,3,3,5,4.5,3.333333333
1,150C,4,1,1,3,3,1,3,3,3,2,2,3,3,1,1,4,1,1,1,4,1,1,1,4,3,1,0,5,1,0,1,NA,NA,NA,2,1,2,5,5,2,2,3,6,6,1,7,1,3,5,4,4,4,4,4,3,6,2002,NA,1,NA,NA,NA,NA,NA,NA,0,0,0,0,0,0,0,0,0,0,0,0,0,1,0,0,0,0,0,NA,1,NA,0,2,37,NA,150,1,0,1,4,1,4,3,2,4,1,3,4,1,1,0,1,0,0,0,0,1,0,0,1,1,0,1,1,1,0.67,0,1,0,0,1,1,1,6,4.5,7,6.5,2.666666667,4.5,4,5,4,2.666666667
1,150D,3,2,3,5,4,1,4,3,3,3,2,3,3,1,1,4,2,1,1,5,2,2,2,4,4,2,1,5,1,0,1,2,1,2,NA,NA,NA,6,6,2,6,2,6,5,5,6,3,1,4,3,4,4,3,4,3,5,2001,NA,1,NA,NA,NA,NA,NA,NA,0,0,0,0,0,0,0,0,1,0,0,0,0,1,0,0,0,0,0,NA,2,NA,0,2,37,NA,150,1,0,1,4,2,3,3,2,4,1,1,4,1,2,1,1,0,1,0,0,1,1,1,1,1,0,1,0,1,0.78,0,1,0,0,2.5,1.333333333,1.333333333,6,6,3,5,2.666666667,3.5,3.666666667,5,4.5,3
1,152A,5,4,5,5,4,2,5,5,5,5,3,5,5,5,5,5,5,5,3,4,5,6,1,3,1,NA,NA,NA,2,1,2,1,0,1,NA,NA,NA,3,2,6,3,5,7,7,1,7,1,3,5,4,5,5,5,5,4,6,2002,NA,1,NA,NA,NA,NA,NA,NA,0,0,0,0,0,0,0,0,0,1,0,0,0,0,0,0,0,0,0,NA,2,NA,0,2,37,NA,152,3,2,1,3,4,3,3,2,4,1,3,4,1,1,0,0,1,0,0,0,0,0,1,1,1,0,1,1,1,0.67,1,0,0,0,4.5,4.333333333,5,2,2.5,7,7,4.333333333,4.5,5,4,4,5
1,152B,5,3,5,5,3,2,5,4,4,4,3,4,3,3,3,4,3,4,3,4,3,6,2,3,2,2,1,4,NA,NA,NA,1,0,1,NA,NA,NA,6,5,5,6,3,4,6,2,4,1,0,3,3,3,3,3,3,1,5,2001,1,NA,NA,NA,NA,NA,NA,NA,0,0,0,0,0,0,0,1,0,0,0,0,0,0,0,0,0,0,0,NA,3,NA,0,3,36,NA,152,3,2,1,4,2,3,3,2,1,1,3,4,0,1,0,0,0,1,0,0,1,1,1,1,1,0,1,1,1,0.89,1,0,0,0,4,3.333333333,3,3,5,6,5,3.333333333,3,3,4,3.5,4
1,153B,4,2,3,3,5,1,3,3,3,2,2,3,3,1,1,4,1,1,1,5,1,1,0,3,2,1,0,5,NA,NA,NA,1,0,1,NA,NA,NA,6,5,4,3,3,6,6,2,6,1,1,4,3,3,3,3,4,3,5,2003,1,NA,NA,NA,NA,NA,NA,NA,0,0,0,0,0,1,0,0,0,0,0,0,0,0,0,0,0,0,0,NA,1,NA,0,5,23,NA,153,2,1,1,3,4,3,3,2,4,1,3,4,0,1,0,0,0,1,0,0,0,0,1,1,1,0,1,1,1,0.67,0,0,1,0,2.5,1,1,4,4.5,6,6,2.666666667,3.5,3,5,5,2.666666667
1,153C,5,1,1,5,5,2,3,3,3,3,1,3,3,1,1,4,1,1,1,4,1,1,0,3,3,1,0,5,1,0,1,NA,NA,NA,NA,NA,NA,3,3,6,3,5,4,4,3,5,2,1,5,3,4,4,4,4,5,6,2003,NA,1,NA,NA,NA,NA,NA,NA,0,0,0,1,0,0,0,0,0,0,0,0,0,0,0,0,0,0,0,NA,1,NA,0,1,36,NA,153,2,1,1,4,2,4,3,2,4,1,3,4,1,1,0,0,0,0,1,0,1,1,0,1,1,0,1,1,1,0.78,0,0,1,0,1,1,1,2,2.75,5,4.5,2.333333333,4,4,4,4.5,3
1,154A,3,3,3,5,3,3,4,3,3,3,2,4,3,3,3,3,2,2,2,3,2,4,0,3,1,NA,NA,NA,1,0,1,1,0,1,NA,NA,NA,5,4,4,6,3,7,7,1,7,1,2,4,4,4,5,5,4,4,5,2002,1,NA,NA,NA,NA,NA,NA,NA,0,1,0,0,0,0,0,0,0,0,0,0,0,0,0,0,0,0,0,NA,1,NA,0,5,37,NA,154,1,2,1,4,2,3,3,2,4,4,4,4,0,1,0,0,0,0,1,0,1,1,1,1,1,0,0,0,1,0.67,0,1,0,0,3,2,2.666666667,4,4.75,7,7,3,4,4.666666667,3,3,3
1,154B,4,3,5,5,4,1,5,3,3,4,3,4,3,5,5,5,5,3,2,5,3,6,0,3,2,1,0,5,NA,NA,NA,1,0,1,NA,NA,NA,6,6,2,6,3,7,7,1,7,1,3,5,5,5,5,5,5,4,6,2003,1,NA,NA,NA,NA,NA,NA,NA,0,0,0,0,0,0,0,0,0,0,0,0,0,1,0,0,0,0,0,NA,1,NA,0,5,37,NA,154,1,2,1,4,2,3,3,2,4,1,3,4,0,1,0,1,0,0,0,0,1,1,1,1,1,0,1,1,1,0.89,0,1,0,0,4,3.333333333,4.333333333,6,6,7,7,3.333333333,5,5,5,4.5,3.333333333
1,154C,4,4,5,4,2,4,5,5,4,4,2,3,3,3,3,4,3,3,3,4,3,3,0,3,3,1,0,5,1,0,1,NA,NA,NA,NA,NA,NA,7,7,1,7,2,2,2,5,1,4,0,2,1,2,2,2,2,4,5,2003,NA,1,NA,NA,NA,NA,NA,NA,0,0,0,0,0,1,0,0,0,0,0,0,0,1,0,0,0,0,0,NA,1,NA,0,1,36,NA,154,1,2,1,4,2,3,1,2,4,2,3,4,1,2,1,1,0,1,0,0,1,1,1,0,1,0,0,1,1,0.67,0,1,0,0,4.5,3,3,7,7,3,2,2.666666667,1.5,2,2,2,4.333333333
1,159A,3,3,4,4,3,2,3,3,3,3,2,3,3,1,1,3,1,2,1,4,2,1,0,3,1,NA,NA,NA,1,0,1,1,0,1,NA,NA,NA,6,6,5,6,3,5,5,3,5,2,3,4,4,3,4,4,4,4,5,2002,NA,1,NA,NA,NA,NA,NA,NA,0,0,1,0,0,0,0,0,0,0,0,0,0,1,0,0,0,0,0,NA,2,NA,0,5,37,NA,159,4,1,1,3,2,4,3,2,4,1,3,4,1,2,1,1,0,0,1,0,0,1,0,1,1,0,1,1,1,0.67,0,0,0,1,3.5,1.333333333,1.333333333,3,5.25,5,5,2.666666667,4,3.666666667,4,3.5,3
1,159C,2,1,1,3,1,3,3,3,3,2,1,3,3,1,1,4,2,1,1,4,2,2,0,3,3,1,0,5,1,0,1,NA,NA,NA,NA,NA,NA,7,7,1,7,2,7,7,1,7,1,4,4,3,3,3,3,3,1,6,2003,NA,1,NA,NA,NA,NA,NA,NA,0,1,0,0,0,0,0,0,0,0,0,0,0,1,0,0,0,0,0,NA,2,NA,0,1,37,NA,159,4,1,1,4,2,3,3,2,1,1,3,4,1,2,1,1,0,0,1,0,1,1,1,1,1,0,1,1,1,0.89,0,0,0,1,1,1.333333333,1.333333333,7,7,7,7,2.333333333,3.5,3,3,2,2.666666667
1,159D,3,2,3,5,4,4,4,4,3,3,1,3,3,2,1,3,3,1,1,3,2,3,0,3,4,1,0,5,1,0,1,1,0,1,NA,NA,NA,7,7,2,7,2,4,4,2,5,1,4,3,3,3,3,3,3,3,5,2002,NA,1,NA,NA,NA,NA,NA,NA,0,0,0,0,0,1,0,0,0,0,0,0,0,0,0,0,0,0,0,NA,1,NA,0,1,23,NA,159,4,1,1,4,1,3,3,2,4,1,1,1,1,1,0,0,0,1,0,0,1,0,1,1,1,0,1,0,0,0.56,0,0,0,1,2.5,1.666666667,1.666666667,6,6.75,6,4.75,2.333333333,3,3,2,3,3.333333333
1,162A,3,3,3,2,3,1,4,4,4,4,3,4,3,2,2,3,2,1,1,4,2,2,1,3,1,NA,NA,NA,3,1,4,1,0,1,NA,NA,NA,5,5,3,5,3,6,6,2,6,1,4,3,3,3,3,3,3,3,5,2002,NA,1,NA,NA,NA,NA,NA,NA,0,0,0,0,0,0,0,0,0,0,0,0,0,0,0,0,0,0,1,NA,1,NA,0,2,37,no,162,2,1,1,4,2,3,3,2,4,1,1,4,1,0,0,0,0,0,0,0,1,1,1,1,1,0,1,0,1,0.78,0,0,1,0,3,1.333333333,2,5,5,6,6,3.333333333,3,3,5,4,4
1,162B,4,2,2,4,4,1,5,4,5,3,3,5,3,2,1,4,2,2,1,4,2,5,2,3,2,4,1,1,NA,NA,NA,3,1,2,NA,NA,NA,7,6,2,6,2,7,7,1,7,1,4,5,3,5,5,4,4,4,6,2003,1,NA,NA,NA,NA,NA,NA,NA,0,0,0,0,0,0,0,0,0,0,0,0,0,0,0,1,0,0,0,NA,1,NA,0,3,36,NA,162,2,1,1,3,2,3,3,2,4,1,1,4,0,1,0,1,0,0,0,0,0,1,1,1,1,0,1,0,1,0.67,0,0,1,0,2,1.666666667,1.666666667,6,6.25,7,7,3.666666667,4,4.666666667,5,4.5,4
1,162C,4,3,3,4,4,1,5,5,4,4,3,5,3,2,3,3,3,2,2,4,2,3,1,3,3,1,0,5,3,1,3,NA,NA,NA,NA,NA,NA,6,4,3,6,4,7,6,2,6,2,2,4,3,4,4,4,4,3,6,2003,1,NA,NA,NA,NA,NA,NA,NA,0,0,0,0,0,0,0,0,0,0,0,0,0,1,0,1,0,0,0,NA,1,NA,0,3,37,NA,162,2,1,1,4,3,3,3,2,4,1,3,4,0,2,1,1,0,0,0,0,1,0,1,1,1,0,1,1,1,0.78,0,0,1,0,3,2.333333333,2.333333333,5,5.25,6,6.25,3.666666667,3.5,4,5,4.5,4.333333333
1,117A,3,3,4,3,3,2,4,3,3,3,3,3,3,3,3,4,3,3,3,4,3,3,1,4,1,NA,NA,NA,3,1,3,1,0,1,2,0,2,6,6,2,6,2,6,4,2,6,1,2,3,3,3,3,3,2,3,6,2002,1,NA,NA,NA,NA,NA,NA,NA,0,0,0,0,0,0,0,0,0,0,0,0,0,1,0,0,0,0,0,NA,1,NA,0,2,37,I used my student ID instead of the ID left on the table. That ID is 117A,117,2,2,1,4,2,4,3,2,1,1,1,4,0,1,0,1,0,0,0,0,1,1,0,1,1,0,1,0,1,0.67,0,0,1,0,3.5,3,3,6,6,6,5.5,3,3,3,4,3.5,3
1,112B,3,4,4,4,1,4,4,3,4,3,2,3,3,2,3,4,3,2,2,5,3,4,0,3,2,1,0,5,NA,NA,NA,1,0,1,NA,NA,NA,6,6,3,6,3,4,4,4,6,3,2,3,2,3,4,2,3,1,6,2003,1,NA,NA,NA,NA,NA,NA,NA,0,0,0,0,0,0,0,0,0,0,0,0,0,1,0,0,0,0,0,NA,1,NA,0,3,34,NA,112,4,2,1,3,2,4,1,2,4,1,4,4,0,1,0,1,0,0,0,0,0,1,0,0,1,0,1,0,1,0.44,0,0,0,1,4,2.333333333,2.666666667,5,5.75,4,4.5,2.666666667,2.5,3,2,1.5,3.333333333
